-- MySQL dump 10.13  Distrib 8.0.26, for Win64 (x86_64)
--
-- Host: 127.0.0.1    Database: vk
-- ------------------------------------------------------
-- Server version	8.0.26

/*!40101 SET @OLD_CHARACTER_SET_CLIENT=@@CHARACTER_SET_CLIENT */;
/*!40101 SET @OLD_CHARACTER_SET_RESULTS=@@CHARACTER_SET_RESULTS */;
/*!40101 SET @OLD_COLLATION_CONNECTION=@@COLLATION_CONNECTION */;
/*!50503 SET NAMES utf8 */;
/*!40103 SET @OLD_TIME_ZONE=@@TIME_ZONE */;
/*!40103 SET TIME_ZONE='+00:00' */;
/*!40014 SET @OLD_UNIQUE_CHECKS=@@UNIQUE_CHECKS, UNIQUE_CHECKS=0 */;
/*!40014 SET @OLD_FOREIGN_KEY_CHECKS=@@FOREIGN_KEY_CHECKS, FOREIGN_KEY_CHECKS=0 */;
/*!40101 SET @OLD_SQL_MODE=@@SQL_MODE, SQL_MODE='NO_AUTO_VALUE_ON_ZERO' */;
/*!40111 SET @OLD_SQL_NOTES=@@SQL_NOTES, SQL_NOTES=0 */;

--
-- Table structure for table `community`
--

DROP TABLE IF EXISTS `community`;
/*!40101 SET @saved_cs_client     = @@character_set_client */;
/*!50503 SET character_set_client = utf8mb4 */;
CREATE TABLE `community` (
  `id` int unsigned NOT NULL AUTO_INCREMENT,
  `name` varchar(45) CHARACTER SET utf8mb4 COLLATE utf8mb4_unicode_ci NOT NULL,
  `admin_user_id` int unsigned NOT NULL,
  PRIMARY KEY (`id`),
  UNIQUE KEY `name_UNIQUE` (`name`),
  KEY `fk_community_profile1_idx` (`admin_user_id`),
  CONSTRAINT `fk_community_profile1` FOREIGN KEY (`admin_user_id`) REFERENCES `profile` (`user_id`)
) ENGINE=InnoDB AUTO_INCREMENT=11 DEFAULT CHARSET=utf8mb4 COLLATE=utf8mb4_unicode_ci;
/*!40101 SET character_set_client = @saved_cs_client */;

--
-- Dumping data for table `community`
--

LOCK TABLES `community` WRITE;
/*!40000 ALTER TABLE `community` DISABLE KEYS */;
INSERT INTO `community` VALUES (1,'beatae',52),(2,'adipisci',35),(3,'non',41),(4,'maxime',23),(5,'temporibus',50),(6,'nam',59),(7,'praesentium',16),(8,'consequatur',13),(9,'quibusdam',23),(10,'et',38);
/*!40000 ALTER TABLE `community` ENABLE KEYS */;
UNLOCK TABLES;

--
-- Table structure for table `friendship_request`
--

DROP TABLE IF EXISTS `friendship_request`;
/*!40101 SET @saved_cs_client     = @@character_set_client */;
/*!50503 SET character_set_client = utf8mb4 */;
CREATE TABLE `friendship_request` (
  `from_user_id` int unsigned NOT NULL,
  `to_user_id` int unsigned NOT NULL,
  `status` tinyint(1) NOT NULL DEFAULT '0' COMMENT '-1 - отклонён; 0 - запрос; 1 - дружба',
  `created_at` datetime NOT NULL DEFAULT CURRENT_TIMESTAMP,
  `updated_at` datetime DEFAULT NULL ON UPDATE CURRENT_TIMESTAMP,
  PRIMARY KEY (`from_user_id`,`to_user_id`),
  KEY `fk_friendship_request_profile1_idx` (`from_user_id`),
  KEY `fk_friendship_request_profile2_idx` (`to_user_id`),
  CONSTRAINT `fk_friendship_request_profile1` FOREIGN KEY (`from_user_id`) REFERENCES `profile` (`user_id`),
  CONSTRAINT `fk_friendship_request_profile2` FOREIGN KEY (`to_user_id`) REFERENCES `profile` (`user_id`)
) ENGINE=InnoDB DEFAULT CHARSET=utf8mb4 COLLATE=utf8mb4_unicode_ci;
/*!40101 SET character_set_client = @saved_cs_client */;

--
-- Dumping data for table `friendship_request`
--

LOCK TABLES `friendship_request` WRITE;
/*!40000 ALTER TABLE `friendship_request` DISABLE KEYS */;
INSERT INTO `friendship_request` VALUES (1,65,1,'1975-02-28 09:44:54','2015-07-29 08:20:59'),(3,72,-1,'1986-01-19 07:50:22',NULL),(4,11,-1,'2001-10-28 23:41:06','2009-12-14 05:40:30'),(4,35,-1,'2002-09-05 01:04:45','2006-08-18 23:14:11'),(4,78,1,'1996-07-16 17:39:59','2021-06-18 17:59:28'),(4,91,-1,'1994-07-21 21:14:24',NULL),(6,7,1,'2006-02-25 02:53:51','2021-07-26 22:49:13'),(8,11,-1,'1974-09-23 04:42:56',NULL),(8,48,0,'1984-03-20 14:27:49','1984-08-29 21:37:13'),(8,77,-1,'1990-03-27 10:33:33',NULL),(9,36,0,'1989-01-08 00:17:01',NULL),(11,4,-1,'1980-06-06 02:13:15',NULL),(11,45,1,'1976-08-20 22:42:17',NULL),(14,69,1,'1980-06-04 10:17:10',NULL),(16,60,0,'1985-11-10 10:43:26',NULL),(17,12,-1,'1983-04-11 08:04:11','1986-09-16 20:30:27'),(18,33,0,'1988-04-16 16:25:04',NULL),(18,56,0,'2013-06-08 23:11:07','1991-04-30 22:54:51'),(19,45,0,'2019-09-14 23:12:16',NULL),(20,3,-1,'1989-12-11 18:19:09',NULL),(20,59,-1,'2007-04-02 04:09:12','1990-08-09 06:15:54'),(21,18,1,'2005-11-12 00:11:51',NULL),(23,52,-1,'1979-07-22 10:13:01','1987-06-05 03:29:24'),(24,25,-1,'2015-12-13 11:26:25','1975-09-23 09:02:57'),(25,61,-1,'1998-12-20 15:29:12','1976-05-09 03:53:41'),(26,35,1,'1999-07-07 22:34:41',NULL),(27,1,1,'1972-12-10 17:16:04',NULL),(27,65,1,'2016-01-06 13:34:13',NULL),(29,78,1,'2021-03-29 13:54:06',NULL),(30,53,-1,'1996-02-20 03:14:41','1989-07-08 07:48:38'),(31,62,1,'2001-10-14 01:07:27','2013-09-08 03:23:33'),(32,98,0,'1999-09-18 12:35:15','1988-07-13 00:04:31'),(35,98,-1,'2004-02-01 00:11:54',NULL),(37,12,-1,'1974-01-07 21:03:04','2021-04-11 04:28:20'),(37,60,1,'1998-03-02 19:14:35',NULL),(38,18,-1,'2005-06-24 13:11:56',NULL),(40,8,1,'1990-05-30 06:02:14','2004-12-28 23:15:19'),(41,7,0,'2005-06-25 09:43:51',NULL),(42,43,0,'2012-04-07 01:12:07',NULL),(42,47,0,'1992-10-18 12:11:33','2017-10-10 05:25:14'),(43,9,-1,'1995-01-15 21:47:10',NULL),(43,82,1,'2006-02-10 21:50:20',NULL),(45,71,1,'1996-05-09 22:15:17','2006-04-26 15:23:49'),(45,82,1,'2016-09-25 09:41:45','2015-07-03 05:05:43'),(46,41,0,'1991-09-04 04:11:47','1983-01-05 02:18:13'),(46,69,-1,'2015-02-07 18:59:08',NULL),(48,4,1,'2013-08-24 06:49:17',NULL),(48,87,-1,'2005-04-14 03:50:26',NULL),(49,34,1,'1993-11-02 09:10:11','1990-11-02 12:07:21'),(51,56,-1,'1979-07-15 14:45:39','2019-04-25 09:16:51'),(52,34,0,'1971-03-04 06:57:49',NULL),(52,46,1,'1976-10-23 00:34:06','2009-08-28 00:37:00'),(53,1,1,'1971-05-02 20:10:47',NULL),(53,27,1,'1997-07-16 00:27:57',NULL),(54,3,-1,'2002-04-13 21:12:23','1982-07-20 09:37:50'),(54,34,-1,'1992-11-09 02:26:42','2014-12-20 06:28:49'),(57,37,-1,'1987-12-16 12:03:27','1980-12-11 03:20:02'),(57,58,1,'1983-09-13 21:48:28','2008-12-24 07:22:04'),(58,84,-1,'2010-03-12 02:45:00',NULL),(59,16,-1,'1970-01-24 22:35:28','1976-10-05 08:18:47'),(59,92,0,'1975-03-15 14:37:57','1992-04-14 06:06:17'),(60,40,0,'2005-02-06 08:06:23',NULL),(60,61,1,'2009-05-27 00:29:41','2021-07-26 22:49:13'),(61,6,-1,'2016-11-01 14:39:51',NULL),(61,23,0,'1990-02-23 08:49:59',NULL),(61,45,-1,'1987-08-28 03:11:20',NULL),(62,5,0,'1980-01-24 18:55:35','2021-02-04 23:23:33'),(63,20,1,'1989-07-30 08:10:45',NULL),(63,97,1,'1970-11-20 00:39:02','1986-01-12 09:53:38'),(65,13,0,'2012-04-20 05:00:49','2013-03-21 19:00:08'),(65,50,0,'2008-03-27 11:29:23',NULL),(66,55,0,'2004-05-15 07:51:48','1974-09-20 17:31:15'),(68,83,1,'1993-02-28 18:09:45',NULL),(69,59,1,'2010-05-17 18:00:49','1970-10-11 09:17:53'),(69,97,0,'1980-06-09 07:08:25',NULL),(70,64,-1,'2006-07-25 01:37:48',NULL),(70,93,1,'1974-11-01 16:27:05',NULL),(71,70,-1,'1978-10-02 23:37:04',NULL),(72,1,-1,'2009-08-23 08:21:05','1989-12-18 21:40:48'),(73,95,-1,'2007-09-17 11:57:36',NULL),(74,72,0,'1971-11-13 20:23:42','2013-09-02 23:00:54'),(81,72,1,'2003-02-19 15:46:11','2007-01-05 14:30:26'),(82,65,0,'1970-10-10 23:06:47',NULL),(84,94,0,'2005-06-20 20:05:32',NULL),(85,87,-1,'1972-10-25 12:30:51',NULL),(88,59,1,'1992-02-19 10:53:13',NULL),(88,99,1,'1980-08-06 14:37:57',NULL),(92,47,0,'1981-08-14 10:54:29','1991-07-13 19:42:32'),(92,57,-1,'2010-12-14 11:08:20',NULL),(93,98,1,'1992-12-17 15:05:07','2001-05-28 17:27:29'),(95,14,-1,'1998-12-16 02:18:31','1977-06-11 13:22:57'),(95,41,1,'2015-07-12 19:30:07','2012-07-30 22:47:51'),(95,56,0,'1975-01-07 13:54:55',NULL),(96,42,0,'2005-09-03 20:23:48','1986-01-03 00:56:40'),(96,97,1,'1989-01-15 18:07:32',NULL),(97,17,0,'2015-05-29 15:41:01','2006-02-20 09:42:06'),(98,89,-1,'1972-10-22 17:38:43','1974-12-13 22:13:04'),(98,91,-1,'1982-06-26 16:22:20',NULL),(99,45,1,'2002-07-14 18:56:25','2014-03-31 22:32:46'),(99,94,0,'1991-01-22 06:59:24','1993-05-26 19:35:56');
/*!40000 ALTER TABLE `friendship_request` ENABLE KEYS */;
UNLOCK TABLES;

--
-- Table structure for table `like`
--

DROP TABLE IF EXISTS `like`;
/*!40101 SET @saved_cs_client     = @@character_set_client */;
/*!50503 SET character_set_client = utf8mb4 */;
CREATE TABLE `like` (
  `id` int unsigned NOT NULL AUTO_INCREMENT,
  `user_id` int unsigned NOT NULL,
  `post_id` int unsigned DEFAULT NULL,
  `media_id` int unsigned DEFAULT NULL,
  `message_id` int unsigned DEFAULT NULL,
  `created_at` datetime NOT NULL DEFAULT CURRENT_TIMESTAMP,
  PRIMARY KEY (`id`),
  UNIQUE KEY `post_UNIQUE` (`user_id`,`post_id`),
  UNIQUE KEY `media_UNIQUE` (`user_id`,`media_id`),
  UNIQUE KEY `message_UNIQUE` (`user_id`,`message_id`),
  KEY `fk_like_post_profile1_idx` (`user_id`),
  KEY `fk_like_post_post1_idx` (`post_id`),
  KEY `fk_like_media1_idx` (`media_id`),
  KEY `fk_like_message1_idx` (`message_id`),
  CONSTRAINT `fk_like_media1` FOREIGN KEY (`media_id`) REFERENCES `media` (`id`),
  CONSTRAINT `fk_like_message1` FOREIGN KEY (`message_id`) REFERENCES `message` (`id`),
  CONSTRAINT `fk_like_post_post1` FOREIGN KEY (`post_id`) REFERENCES `post` (`id`),
  CONSTRAINT `fk_like_post_profile1` FOREIGN KEY (`user_id`) REFERENCES `profile` (`user_id`)
) ENGINE=InnoDB AUTO_INCREMENT=101 DEFAULT CHARSET=utf8mb4 COLLATE=utf8mb4_unicode_ci;
/*!40101 SET character_set_client = @saved_cs_client */;

--
-- Dumping data for table `like`
--

LOCK TABLES `like` WRITE;
/*!40000 ALTER TABLE `like` DISABLE KEYS */;
INSERT INTO `like` VALUES (1,17,17,NULL,NULL,'1971-05-05 14:33:30'),(2,35,93,NULL,NULL,'2001-04-27 13:55:01'),(3,36,6,NULL,NULL,'1983-04-29 14:31:11'),(4,37,59,NULL,NULL,'2001-08-02 11:21:11'),(5,66,75,NULL,NULL,'1974-12-10 08:42:59'),(6,35,87,NULL,NULL,'1984-07-20 17:01:14'),(7,51,69,NULL,NULL,'2017-08-03 13:05:01'),(8,12,96,NULL,NULL,'1995-01-11 18:23:43'),(9,13,1,NULL,NULL,'1993-02-21 04:36:46'),(10,94,85,NULL,NULL,'1977-09-08 09:57:58'),(11,90,57,NULL,NULL,'1997-05-15 09:37:41'),(12,15,59,NULL,NULL,'2014-12-08 16:41:45'),(13,33,91,NULL,NULL,'2008-08-24 15:59:39'),(14,77,84,NULL,NULL,'1995-12-01 08:27:44'),(15,53,72,NULL,NULL,'1984-10-20 11:43:50'),(16,68,86,NULL,NULL,'2004-05-26 05:27:08'),(17,87,100,NULL,NULL,'1979-05-05 07:10:09'),(18,85,58,NULL,NULL,'2006-01-24 10:54:04'),(19,14,13,NULL,NULL,'2006-12-27 23:31:36'),(20,71,85,NULL,NULL,'2016-11-14 06:58:53'),(21,75,55,NULL,NULL,'1998-09-26 16:05:48'),(22,38,37,NULL,NULL,'1978-02-05 13:56:46'),(23,9,51,NULL,NULL,'2014-05-21 17:52:13'),(24,36,44,NULL,NULL,'2013-11-25 12:02:27'),(25,44,82,NULL,NULL,'1971-03-01 12:41:47'),(26,40,11,NULL,NULL,'2017-05-24 19:04:05'),(27,23,3,NULL,NULL,'1990-05-31 05:00:31'),(28,88,90,NULL,NULL,'1978-12-13 04:50:32'),(29,45,66,NULL,NULL,'1973-01-17 01:22:00'),(30,2,90,NULL,NULL,'1999-09-11 15:59:47'),(31,41,25,NULL,NULL,'2009-11-08 18:32:32'),(32,68,41,NULL,NULL,'1993-02-08 01:04:08'),(33,23,99,NULL,NULL,'1977-02-03 10:23:26'),(34,10,NULL,15,NULL,'1987-06-28 00:12:48'),(35,45,NULL,25,NULL,'1988-07-20 16:29:14'),(36,86,NULL,93,NULL,'2003-06-18 03:39:21'),(37,86,NULL,12,NULL,'2018-06-09 08:41:52'),(38,95,NULL,97,NULL,'2008-07-09 01:24:34'),(39,7,NULL,11,NULL,'1981-08-03 15:17:22'),(40,22,NULL,87,NULL,'1988-09-14 13:20:26'),(41,8,NULL,6,NULL,'1971-11-12 06:25:58'),(42,67,NULL,48,NULL,'2007-11-03 11:57:02'),(43,16,NULL,42,NULL,'1993-04-11 17:34:39'),(44,92,NULL,31,NULL,'1976-10-18 07:32:34'),(45,39,NULL,64,NULL,'1997-04-29 09:38:57'),(46,25,NULL,69,NULL,'2020-12-25 15:47:37'),(47,42,NULL,6,NULL,'2000-03-27 06:19:53'),(48,88,NULL,8,NULL,'2005-05-20 15:07:39'),(49,17,NULL,12,NULL,'1972-12-17 10:20:08'),(50,32,NULL,94,NULL,'1992-05-23 19:20:20'),(51,32,NULL,48,NULL,'2020-01-30 04:30:21'),(52,70,NULL,1,NULL,'2010-04-26 06:27:00'),(53,21,NULL,42,NULL,'1997-09-25 03:21:28'),(54,25,NULL,76,NULL,'1980-01-03 21:14:41'),(55,90,NULL,30,NULL,'1972-03-07 07:38:12'),(56,73,NULL,72,NULL,'2011-03-13 16:59:40'),(57,50,NULL,73,NULL,'1994-04-25 01:00:11'),(58,43,NULL,29,NULL,'1985-08-28 15:49:06'),(59,2,NULL,97,NULL,'2015-11-07 06:17:21'),(60,55,NULL,79,NULL,'1974-04-20 01:06:57'),(61,61,NULL,20,NULL,'1984-02-16 13:07:08'),(62,31,NULL,52,NULL,'1976-04-22 19:59:36'),(63,76,NULL,97,NULL,'1991-08-27 07:25:00'),(64,18,NULL,39,NULL,'1976-07-02 09:29:01'),(65,52,NULL,48,NULL,'2018-06-01 21:26:04'),(66,78,NULL,67,NULL,'1976-04-18 07:19:15'),(67,52,NULL,NULL,7,'2015-09-05 18:02:44'),(68,61,NULL,NULL,22,'1984-09-10 19:28:42'),(69,49,NULL,NULL,80,'1981-01-26 11:14:08'),(70,96,NULL,NULL,72,'1989-06-07 15:03:25'),(71,39,NULL,NULL,56,'1979-06-04 11:47:12'),(72,65,NULL,NULL,16,'2017-12-22 23:39:49'),(73,70,NULL,NULL,47,'2020-10-20 23:40:32'),(74,46,NULL,NULL,98,'1978-11-11 02:14:59'),(75,40,NULL,NULL,100,'1986-10-26 08:47:12'),(76,5,NULL,NULL,54,'2019-11-04 02:36:35'),(77,87,NULL,NULL,82,'2002-09-16 19:21:27'),(78,86,NULL,NULL,24,'1972-07-26 11:59:37'),(79,28,NULL,NULL,93,'1986-02-11 17:57:10'),(80,32,NULL,NULL,1,'2003-07-04 09:00:10'),(81,71,NULL,NULL,16,'1991-11-21 13:10:17'),(82,93,NULL,NULL,33,'1973-06-30 11:52:15'),(83,49,NULL,NULL,53,'2009-03-12 14:38:21'),(84,3,NULL,NULL,89,'2014-07-18 15:16:15'),(85,81,NULL,NULL,67,'1981-09-19 13:01:27'),(86,70,NULL,NULL,98,'2010-09-17 22:02:24'),(87,97,NULL,NULL,29,'1974-04-30 16:09:12'),(88,70,NULL,NULL,40,'1980-05-21 10:49:39'),(89,15,NULL,NULL,8,'2016-07-18 05:37:39'),(90,50,NULL,NULL,98,'1974-03-17 16:15:59'),(91,86,NULL,NULL,89,'2000-10-27 06:58:58'),(92,25,NULL,NULL,6,'1973-10-01 11:58:04'),(93,95,NULL,NULL,65,'1979-05-07 10:41:59'),(94,71,NULL,NULL,68,'1991-08-27 23:03:50'),(95,30,NULL,NULL,99,'1973-02-25 17:12:24'),(96,50,NULL,NULL,65,'1990-07-14 00:05:43'),(97,1,NULL,NULL,50,'2007-04-21 19:51:10'),(98,63,NULL,NULL,49,'1989-06-21 18:23:59'),(99,84,NULL,NULL,8,'2005-06-15 15:27:06'),(100,54,NULL,NULL,49,'1994-08-27 01:37:54');
/*!40000 ALTER TABLE `like` ENABLE KEYS */;
UNLOCK TABLES;

--
-- Table structure for table `media`
--

DROP TABLE IF EXISTS `media`;
/*!40101 SET @saved_cs_client     = @@character_set_client */;
/*!50503 SET character_set_client = utf8mb4 */;
CREATE TABLE `media` (
  `id` int unsigned NOT NULL AUTO_INCREMENT,
  `media_type_id` int unsigned NOT NULL,
  `user_id` int unsigned NOT NULL,
  `url` varchar(45) CHARACTER SET utf8mb4 COLLATE utf8mb4_unicode_ci DEFAULT NULL,
  `blob` blob,
  `metadata` longtext CHARACTER SET utf8mb4 COLLATE utf8mb4_bin,
  `created_at` datetime NOT NULL DEFAULT CURRENT_TIMESTAMP,
  `updated_at` datetime DEFAULT NULL ON UPDATE CURRENT_TIMESTAMP,
  PRIMARY KEY (`id`),
  KEY `fk_media_media_type1_idx` (`media_type_id`),
  KEY `fk_media_profile1_idx` (`user_id`),
  CONSTRAINT `fk_media_media_type1` FOREIGN KEY (`media_type_id`) REFERENCES `media_type` (`id`),
  CONSTRAINT `fk_media_profile1` FOREIGN KEY (`user_id`) REFERENCES `profile` (`user_id`),
  CONSTRAINT `media_chk_1` CHECK (json_valid(`metadata`))
) ENGINE=InnoDB AUTO_INCREMENT=101 DEFAULT CHARSET=utf8mb4 COLLATE=utf8mb4_unicode_ci;
/*!40101 SET character_set_client = @saved_cs_client */;

--
-- Dumping data for table `media`
--

LOCK TABLES `media` WRITE;
/*!40000 ALTER TABLE `media` DISABLE KEYS */;
INSERT INTO `media` VALUES (1,1,24,'efc12b5a-4011-3939-8557-2e3921836577',NULL,NULL,'1973-10-09 02:04:48',NULL),(2,2,21,'83afdd04-357a-377c-bf75-e1f1183cdadc',NULL,NULL,'2015-04-05 08:50:26',NULL),(3,3,84,'9876f54c-6bcc-3b8c-9bb2-8732b9bd3cd6',NULL,NULL,'1985-07-07 05:14:43',NULL),(4,2,1,'1e7637c1-66de-344b-864d-3c05fe558c96',NULL,NULL,'2007-06-07 00:14:42',NULL),(5,2,7,'9321a0af-4117-3e28-9cc4-72747cec768f',NULL,NULL,'2009-09-09 13:16:58',NULL),(6,2,24,'573a844d-0718-32c9-8549-ab6957f181c7',NULL,NULL,'1993-11-12 14:54:48',NULL),(7,3,69,'59b91e0f-293c-3250-a49c-bb34a9592b77',NULL,NULL,'1983-02-04 00:23:52',NULL),(8,1,62,'fe1661b1-4953-3a03-882c-a8ae15255eaa',NULL,NULL,'2009-08-21 02:05:19',NULL),(9,2,16,'be289dfc-8abc-3749-a38a-59dbbf769db3',NULL,NULL,'2018-04-21 21:46:46',NULL),(10,3,87,'52596abf-6f23-3076-bfa7-40ef77ec1d28',NULL,NULL,'1983-09-24 09:53:21',NULL),(11,1,71,'7f78881f-3653-3040-85df-e73c7aca8034',NULL,NULL,'2005-03-25 05:42:52',NULL),(12,1,83,'e0a40622-fa72-3346-828d-64a38f12dd6e',NULL,NULL,'1997-02-16 20:19:03',NULL),(13,1,88,'4594cdb1-ba94-3e48-a8f3-99b162b280b8',NULL,NULL,'1972-12-30 14:33:13',NULL),(14,3,28,'4a5d40e9-7abd-3e1b-8432-00b1a25fb144',NULL,NULL,'2000-01-03 05:10:51',NULL),(15,1,65,'c32a04aa-9839-36b1-b226-974795022ed5',NULL,NULL,'1979-07-18 19:55:29',NULL),(16,1,10,'bfda5dac-e3c7-3996-819b-76be2c218ee1',NULL,NULL,'1987-08-25 00:15:28',NULL),(17,3,92,'ea52cd63-b425-30e3-9ce3-fd143b8d9741',NULL,NULL,'1983-06-02 09:05:17',NULL),(18,1,85,'48e59918-6cc4-33ca-8ef8-f9ebc42919ed',NULL,NULL,'1987-07-05 05:55:41',NULL),(19,3,74,'7a877d21-4ea7-3cac-9294-5648fe27096e',NULL,NULL,'1973-03-25 11:46:14',NULL),(20,3,29,'3786c34c-a319-33cd-847c-81c18357338d',NULL,NULL,'2003-07-14 15:28:34',NULL),(21,3,50,'a2a9b245-ff23-3571-8682-5ed6c6576038',NULL,NULL,'1978-08-20 21:43:27',NULL),(22,2,51,'dfbe103e-a0fc-3fb5-ad99-3c2cac2b4613',NULL,NULL,'1999-06-12 11:40:13',NULL),(23,1,60,'e8ead555-a2e6-36c7-a5fd-5949ee66bcc9',NULL,NULL,'2017-06-03 06:58:27',NULL),(24,1,77,'10893722-474b-306d-a951-49dcccffe13e',NULL,NULL,'1996-05-04 20:10:13',NULL),(25,3,89,'0f192587-565a-346f-a37e-d0ecb0581cb9',NULL,NULL,'2020-03-21 18:33:14',NULL),(26,2,84,'ebc351c4-c8b0-3952-a0d6-69c0bd4d3b9a',NULL,NULL,'2007-03-02 14:30:09',NULL),(27,2,86,'fcd4708b-9c41-395e-a349-358e822d4bf8',NULL,NULL,'1971-05-06 20:04:40',NULL),(28,2,78,'7414aeec-18e4-3d8d-baf7-07eccc27441e',NULL,NULL,'2008-03-18 01:25:20',NULL),(29,3,51,'1f047af3-1cdd-39ac-8bff-28cb3ee17208',NULL,NULL,'1991-10-03 08:23:08',NULL),(30,1,77,'60697d9f-05a5-3adb-b8df-41075e5ad7b2',NULL,NULL,'2012-11-02 08:01:55',NULL),(31,1,37,'8238ab41-292a-3f12-92a5-5c139c983bf9',NULL,NULL,'1984-10-25 21:43:25',NULL),(32,3,4,'119131d1-18f5-3044-8bb5-db4961c1acec',NULL,NULL,'2018-05-28 22:11:33',NULL),(33,1,17,'173eabcd-8b26-3c7a-b1bd-92a429613210',NULL,NULL,'1996-08-16 04:35:26',NULL),(34,3,2,'8dab9ff5-c7d4-3569-855a-6d6655390566',NULL,NULL,'1972-07-07 07:14:06',NULL),(35,3,74,'973c2e54-4e30-3ac0-a6a6-501894715d59',NULL,NULL,'1989-11-03 09:15:41',NULL),(36,1,69,'26cb1ef8-a628-3f33-95bc-3e214968f036',NULL,NULL,'1977-06-26 10:33:33',NULL),(37,1,82,'2e257273-b76f-354e-9e28-1af027fb39be',NULL,NULL,'2021-04-17 08:54:03',NULL),(38,1,41,'d3585ce8-9976-3e24-87b1-0599029d8042',NULL,NULL,'1996-08-02 02:19:39',NULL),(39,2,31,'1e94675b-3b1c-3722-8933-ef9039564132',NULL,NULL,'1989-05-13 07:09:13',NULL),(40,1,18,'e92a6a9c-344d-307f-87d4-26aa01fea7e6',NULL,NULL,'1973-02-14 22:35:10',NULL),(41,1,80,'ff047233-3709-320c-ab8d-a07ff43cfba3',NULL,NULL,'2011-05-22 12:53:50',NULL),(42,1,78,'d0e55406-fd14-3094-8275-c0b5093a79ae',NULL,NULL,'1989-02-02 13:55:59',NULL),(43,2,66,'b29071d8-ccc9-3d0d-b05f-d314d590036c',NULL,NULL,'2020-03-29 23:25:25',NULL),(44,2,38,'2f98ecc2-facc-35cc-852d-456ffc49af24',NULL,NULL,'1978-01-04 23:40:19',NULL),(45,1,61,'3b54f3d9-b36d-3a75-92c2-24bbc23fcde9',NULL,NULL,'1985-12-08 14:43:45',NULL),(46,1,32,'5104a805-f675-3124-a7b7-94a0fbaadc21',NULL,NULL,'1988-09-29 05:50:24',NULL),(47,3,1,'9db24ea8-4c97-30ab-8809-8e8831970e9e',NULL,NULL,'2002-10-18 20:32:06',NULL),(48,2,24,'9e9719e2-0978-3188-ace6-93e0be122c81',NULL,NULL,'2008-02-01 20:30:48',NULL),(49,1,23,'78bd5163-3ffe-3db2-aa44-a16063c01ac4',NULL,NULL,'1997-09-24 06:03:33',NULL),(50,1,7,'ccc1c0d9-12cc-3c63-a253-5ac32a39e5b3',NULL,NULL,'1993-01-29 11:06:26',NULL),(51,3,55,'006a3457-4fe7-37fc-9549-4beda4847e42',NULL,NULL,'2007-11-26 06:05:45',NULL),(52,3,19,'9c3b02cb-c7f9-3b36-8273-2b9463025c8b',NULL,NULL,'1978-11-29 17:59:41',NULL),(53,2,95,'68f2369c-c4e1-308d-a9fe-cf3dbeba95f7',NULL,NULL,'1997-08-15 03:21:09',NULL),(54,2,79,'8987001a-2e55-39c0-84a5-545a21dcb1f6',NULL,NULL,'1990-05-30 17:40:18',NULL),(55,1,76,'519d1f6c-feb5-3f8a-83a0-a3f014ab17f1',NULL,NULL,'1976-04-09 23:54:27',NULL),(56,3,45,'a7fd2046-8180-3123-a40c-3861f94e8e25',NULL,NULL,'1984-08-09 18:23:56',NULL),(57,2,96,'6bf5096b-ff07-3f0a-84e5-bd105f86a85c',NULL,NULL,'2009-04-13 03:03:16',NULL),(58,1,21,'236eff1d-20db-378d-a575-4256fc17c858',NULL,NULL,'1996-02-24 02:04:17',NULL),(59,2,77,'709c9f3c-e9c6-3908-896e-9dd51939df2c',NULL,NULL,'2012-01-27 05:12:46',NULL),(60,2,78,'35b99070-72ec-3af0-ab97-9106718725ed',NULL,NULL,'1986-06-20 08:37:05',NULL),(61,2,73,'befdcc6a-c304-30fe-97a5-b1f13313bc5a',NULL,NULL,'1992-06-19 05:30:01',NULL),(62,1,33,'f0aea998-78e4-3206-a55c-de18589e6316',NULL,NULL,'2008-04-26 00:17:53',NULL),(63,3,44,'110e1950-03a7-3736-b354-cfaeeebbdbe0',NULL,NULL,'1979-08-05 16:49:36',NULL),(64,2,90,'cc84c6e3-1414-3007-96e6-3f9f6fc0c52d',NULL,NULL,'2013-04-14 04:09:21',NULL),(65,3,82,'1cad383b-9f4d-3a05-be3c-14f5abbc1025',NULL,NULL,'1983-09-09 16:04:46',NULL),(66,3,64,'5eeecbca-116c-3a7f-91a7-e9f10ab50817',NULL,NULL,'1971-12-24 10:15:33',NULL),(67,2,72,'d23a5204-c9df-33c5-8ba8-4b3a9705fcc8',NULL,NULL,'2019-04-04 02:18:29',NULL),(68,3,73,'5d54d5dc-7b26-31e1-8577-34f4f45f15c7',NULL,NULL,'1982-12-13 16:53:42',NULL),(69,2,41,'062c9db0-c93c-3e3d-810e-d2edf5cc10c8',NULL,NULL,'1998-01-23 03:22:09',NULL),(70,2,92,'fa001ef7-3d34-3430-b381-eafb979cd932',NULL,NULL,'1990-08-13 17:39:46',NULL),(71,1,47,'7fc49038-b7f6-329b-a2c4-99e2c7a0dee1',NULL,NULL,'1994-10-02 09:05:50',NULL),(72,2,73,'53bf794d-6846-3f19-bf09-5aa059ace53d',NULL,NULL,'1979-11-22 09:52:08',NULL),(73,2,57,'e1fea1fe-bb28-3907-8641-ea678dc0c97a',NULL,NULL,'2008-02-07 08:51:20',NULL),(74,3,4,'683a0d14-28ff-3178-8e84-abb8b9768b5a',NULL,NULL,'1976-09-08 08:21:07',NULL),(75,1,52,'317ae231-dabc-3a2a-a308-836685992dc4',NULL,NULL,'1999-10-17 03:15:20',NULL),(76,3,70,'83086007-3e0f-3eac-b89f-27ff30d8563b',NULL,NULL,'2011-08-18 22:39:02',NULL),(77,1,91,'64e03de5-7a04-3682-8cbb-43449bb912a3',NULL,NULL,'1988-08-13 15:41:17',NULL),(78,1,97,'04c2c58b-d4ec-33e7-aadd-6aec22267491',NULL,NULL,'1989-10-05 11:05:53',NULL),(79,2,59,'3875d952-8a2f-3ab2-a257-f91e73b24b8f',NULL,NULL,'2006-09-24 18:01:57',NULL),(80,3,2,'aaa4ee0a-2a6f-3bc2-968b-ed6e24752fc5',NULL,NULL,'1996-05-08 14:30:47',NULL),(81,2,83,'5fd5c164-2802-3470-ab55-bc428a756b25',NULL,NULL,'2009-05-07 16:27:33',NULL),(82,2,76,'d2e78030-4bad-3a48-896c-3fc7d3734419',NULL,NULL,'2014-02-21 22:42:48',NULL),(83,2,47,'7b9d3b58-3aad-3e59-a0f3-36a4711e397c',NULL,NULL,'2019-10-29 10:28:30',NULL),(84,2,21,'d966633a-a503-31fd-ba7f-245869bf7eab',NULL,NULL,'1996-08-03 16:12:17',NULL),(85,3,100,'fde61e56-3350-37f3-a094-f50932889271',NULL,NULL,'2000-12-06 06:12:10',NULL),(86,1,5,'45b0067e-2a47-3df5-8e7d-e6f25d34ff35',NULL,NULL,'1984-03-22 07:21:38',NULL),(87,2,48,'f0f3b6c3-485b-329f-9766-d4ab1ae9f857',NULL,NULL,'1982-08-20 12:56:22',NULL),(88,3,88,'5cde588c-6e63-3341-8529-2fd598e81b39',NULL,NULL,'1999-12-08 03:40:08',NULL),(89,1,70,'eff6da84-1094-3b1c-8a1e-16116a00d8f6',NULL,NULL,'2000-11-30 01:47:24',NULL),(90,3,38,'4c6e4746-aa84-3dd5-83a6-99fc199c79a5',NULL,NULL,'1983-12-22 09:45:28',NULL),(91,1,73,'c64669d4-c6fb-3c45-9ddb-c93d365fb938',NULL,NULL,'1974-09-10 23:13:59',NULL),(92,1,45,'5cd84c07-bc9e-36eb-be75-18650309cfa1',NULL,NULL,'1986-03-14 09:11:23',NULL),(93,2,10,'76dc3274-2019-3172-b651-39b114bb625a',NULL,NULL,'2020-10-23 17:02:42',NULL),(94,2,98,'b2f84c3d-a254-3f23-8fda-8a90f95b8805',NULL,NULL,'2012-07-20 15:02:47',NULL),(95,3,28,'25908789-546d-30d8-ac4a-0112b427dab0',NULL,NULL,'2019-10-11 18:57:11',NULL),(96,3,8,'41221335-f28e-3692-9b66-9331620f2a44',NULL,NULL,'2020-10-08 17:10:17',NULL),(97,1,63,'40bbf006-a606-33fe-926e-38d41ae5501f',NULL,NULL,'1972-07-02 18:13:23',NULL),(98,3,65,'09a7c522-6889-35c1-8e39-97cff8d7599e',NULL,NULL,'2018-10-26 10:29:36',NULL),(99,1,32,'0d2174d2-a385-3dc3-a074-f000fee84787',NULL,NULL,'1979-11-11 13:38:44',NULL),(100,3,97,'d74fe758-0496-3e03-b44b-5a4081ff7fff',NULL,NULL,'1993-07-16 19:58:58',NULL);
/*!40000 ALTER TABLE `media` ENABLE KEYS */;
UNLOCK TABLES;

--
-- Table structure for table `media_type`
--

DROP TABLE IF EXISTS `media_type`;
/*!40101 SET @saved_cs_client     = @@character_set_client */;
/*!50503 SET character_set_client = utf8mb4 */;
CREATE TABLE `media_type` (
  `id` int unsigned NOT NULL AUTO_INCREMENT,
  `name` varchar(45) CHARACTER SET utf8mb4 COLLATE utf8mb4_unicode_ci NOT NULL,
  PRIMARY KEY (`id`),
  UNIQUE KEY `name_UNIQUE` (`name`)
) ENGINE=InnoDB AUTO_INCREMENT=4 DEFAULT CHARSET=utf8mb4 COLLATE=utf8mb4_unicode_ci;
/*!40101 SET character_set_client = @saved_cs_client */;

--
-- Dumping data for table `media_type`
--

LOCK TABLES `media_type` WRITE;
/*!40000 ALTER TABLE `media_type` DISABLE KEYS */;
INSERT INTO `media_type` VALUES (2,'audio'),(1,'image'),(3,'video');
/*!40000 ALTER TABLE `media_type` ENABLE KEYS */;
UNLOCK TABLES;

--
-- Table structure for table `message`
--

DROP TABLE IF EXISTS `message`;
/*!40101 SET @saved_cs_client     = @@character_set_client */;
/*!50503 SET character_set_client = utf8mb4 */;
CREATE TABLE `message` (
  `id` int unsigned NOT NULL AUTO_INCREMENT,
  `from_user_id` int unsigned NOT NULL,
  `to_user_id` int unsigned NOT NULL,
  `text` text CHARACTER SET utf8mb4 COLLATE utf8mb4_unicode_ci,
  `created_at` datetime NOT NULL DEFAULT CURRENT_TIMESTAMP,
  `read_at` datetime DEFAULT NULL,
  `deleted_at` datetime DEFAULT NULL,
  PRIMARY KEY (`id`),
  KEY `fk_message_profile1_idx` (`from_user_id`),
  KEY `fk_message_profile2_idx` (`to_user_id`),
  CONSTRAINT `fk_message_profile1` FOREIGN KEY (`from_user_id`) REFERENCES `profile` (`user_id`),
  CONSTRAINT `fk_message_profile2` FOREIGN KEY (`to_user_id`) REFERENCES `profile` (`user_id`)
) ENGINE=InnoDB AUTO_INCREMENT=101 DEFAULT CHARSET=utf8mb4 COLLATE=utf8mb4_unicode_ci;
/*!40101 SET character_set_client = @saved_cs_client */;

--
-- Dumping data for table `message`
--

LOCK TABLES `message` WRITE;
/*!40000 ALTER TABLE `message` DISABLE KEYS */;
INSERT INTO `message` VALUES (1,43,54,'Facilis porro blanditiis sint possimus ut ratione.','1970-02-14 15:43:18','1995-01-09 21:20:53',NULL),(2,52,85,'Doloremque sed ipsum delectus pariatur veniam est velit.','2013-10-28 05:49:44','2017-04-23 03:38:25',NULL),(3,85,1,'Perferendis sed deleniti inventore provident non nostrum.','2010-01-07 19:31:45',NULL,NULL),(4,62,86,'Ea quae reiciendis unde ab et dolores incidunt fuga.','1976-06-03 20:19:09','1986-12-10 00:25:03',NULL),(5,45,45,'Eaque quisquam libero est aut voluptatem qui.','2020-01-17 05:43:14',NULL,NULL),(6,23,27,'Est laborum aliquid soluta.','2021-03-18 06:52:21','1998-03-30 15:01:19',NULL),(7,66,53,'Dolores dolor beatae aut nostrum.','2005-02-18 10:50:36',NULL,NULL),(8,66,19,'Fuga asperiores reiciendis placeat ab et necessitatibus repellat.','2001-03-25 09:00:33','1986-06-25 11:04:53',NULL),(9,31,44,'Et eligendi nulla ipsum adipisci libero cum.','1993-04-13 18:20:35',NULL,NULL),(10,13,91,'Optio quam hic hic ea.','2004-02-26 03:15:59','1996-06-01 16:12:39',NULL),(11,86,20,'Eum fuga totam incidunt molestias est ea modi.','1989-01-27 10:47:27','2011-02-05 20:59:03',NULL),(12,14,63,'Adipisci aut est rerum et quas.','1970-09-17 00:20:17','1987-11-27 01:32:14',NULL),(13,28,7,'Ut et totam animi deleniti consectetur enim.','1976-05-22 00:18:59',NULL,NULL),(14,44,40,'Possimus eveniet cupiditate et ipsam adipisci assumenda.','2014-06-04 06:59:40','1983-04-03 08:18:24',NULL),(15,26,17,'Rerum sapiente est nisi quas asperiores debitis.','1992-09-26 11:38:13',NULL,NULL),(16,92,68,'Et odit sed possimus corrupti reprehenderit.','1988-04-15 17:32:10','1981-07-22 13:23:46',NULL),(17,70,43,'Ex tempore est quidem laborum iste doloribus facilis.','2019-11-13 21:23:08',NULL,NULL),(18,53,55,'Eligendi unde culpa et sunt et.','1993-04-12 05:04:49','2000-04-08 19:55:45',NULL),(19,44,15,'Commodi voluptatem voluptas consequatur dolores quae quidem.','2010-06-30 02:53:04',NULL,NULL),(20,41,89,'Ut autem assumenda ut ducimus ut facilis natus.','1983-09-10 09:32:28','1979-09-15 23:14:21',NULL),(21,59,63,'Facilis dolorem debitis ut aut id possimus tempora.','2007-12-18 22:01:29',NULL,NULL),(22,15,24,'Et dolores exercitationem est odit illum.','2018-02-19 09:06:45','2006-10-18 15:23:02',NULL),(23,16,81,'Animi perspiciatis voluptatem aliquid dolores qui.','1996-09-09 04:36:46',NULL,NULL),(24,43,47,'Et ut voluptas qui qui natus deleniti unde consequatur.','2006-08-27 06:08:15','2013-08-18 12:25:46',NULL),(25,24,55,'Voluptatem provident alias nihil dolores nemo aliquid aut.','1997-03-21 10:55:43',NULL,NULL),(26,37,10,'Accusantium unde vel neque sint.','1976-03-30 09:08:32',NULL,NULL),(27,75,50,'Ut sunt molestiae dignissimos.','2011-06-24 00:46:16','1994-02-03 04:53:52',NULL),(28,72,2,'Debitis animi iste animi quia.','2000-07-01 03:26:49','1983-04-17 10:47:45',NULL),(29,56,15,'In dolores perspiciatis nisi aliquam.','2005-11-15 03:43:32','1987-05-06 12:58:50',NULL),(30,42,82,'Nihil neque labore magnam expedita accusamus.','1988-10-21 18:05:53',NULL,NULL),(31,32,34,'Quo eos recusandae provident.','1970-05-12 15:27:11',NULL,NULL),(32,50,2,'Soluta quidem quisquam enim placeat quia dolorem.','2018-12-14 03:30:08',NULL,NULL),(33,76,2,'Dolor voluptatum consequatur maxime nostrum nobis deserunt.','1988-08-21 02:39:18',NULL,NULL),(34,56,20,'Est sequi magnam laborum quis velit molestiae.','2004-12-18 04:43:40','1970-12-16 04:44:09',NULL),(35,16,97,'Reiciendis harum rerum incidunt quia.','2016-08-07 22:42:17',NULL,NULL),(36,8,75,'Tenetur consequuntur atque et quibusdam dolorem odio mollitia.','1980-08-14 17:37:08',NULL,NULL),(37,59,22,'Omnis aliquid sit id sapiente veritatis.','1996-03-07 08:38:09','2018-10-08 18:32:10',NULL),(38,99,75,'Delectus voluptates consequatur ab natus.','1988-12-30 23:47:26',NULL,NULL),(39,3,41,'Illo accusamus veritatis excepturi ut est natus.','1971-12-19 14:44:39','1993-09-22 12:38:09',NULL),(40,21,27,'Dolor quas molestiae molestias.','1986-05-26 18:12:48',NULL,NULL),(41,95,58,'Unde et eaque hic.','1980-08-08 22:11:09','2018-01-15 05:50:28',NULL),(42,36,70,'Assumenda a exercitationem ut.','1978-09-02 17:59:44','1994-02-02 08:29:01',NULL),(43,7,8,'Odit aspernatur dolor voluptatibus nisi praesentium modi commodi quia.','2005-04-05 13:05:04',NULL,NULL),(44,72,63,'Reprehenderit ut occaecati commodi.','2012-05-19 10:12:32','2016-08-09 03:56:08',NULL),(45,23,14,'Nisi illo sunt aut et dolorem et tempora.','2004-03-11 12:33:41','1971-02-03 05:54:06',NULL),(46,45,54,'Maiores velit praesentium officia.','2004-12-02 02:55:04',NULL,NULL),(47,47,94,'Harum dicta et temporibus nisi.','2017-10-03 22:13:52','1986-11-26 23:42:55',NULL),(48,55,22,'Quod nesciunt non libero nostrum mollitia consectetur.','1986-10-28 19:55:42','2009-02-02 11:24:34',NULL),(49,96,11,'Ab occaecati voluptatem consectetur magnam earum quis.','2010-12-09 17:22:54','1972-07-15 12:09:30',NULL),(50,42,12,'Quaerat suscipit accusamus aliquid eum.','1994-03-11 15:48:01',NULL,NULL),(51,7,49,'Et vel et similique et molestiae et nobis.','1986-05-04 09:35:58','1995-11-13 12:54:55',NULL),(52,86,66,'Qui tempore quo vero maxime est aut qui.','1988-12-30 15:44:48',NULL,NULL),(53,71,84,'Ipsum earum nostrum voluptatibus provident in et sunt.','1989-06-23 10:38:45','2003-08-14 14:29:37',NULL),(54,40,73,'Sunt ipsa provident quam doloremque numquam sint.','1974-09-15 23:19:18',NULL,NULL),(55,25,61,'Et suscipit odio velit.','2015-09-08 06:54:53',NULL,NULL),(56,99,20,'Aliquid facere maxime consequuntur et asperiores.','2002-04-24 08:21:44',NULL,NULL),(57,19,35,'Numquam eos tempore expedita eius sit a et.','2012-08-15 14:30:56',NULL,NULL),(58,89,25,'Assumenda adipisci voluptatem iusto delectus illum.','2013-01-28 05:38:44',NULL,NULL),(59,42,61,'Voluptates est ipsa perferendis iusto nihil.','2013-09-07 12:54:02','1971-09-21 21:46:27',NULL),(60,88,65,'Dicta veritatis ut iste non nihil.','1973-07-12 20:28:47','2010-09-23 11:18:23',NULL),(61,74,32,'Fuga porro non quae ipsam ex repellat nemo et.','1983-04-22 16:47:42','2009-06-19 10:38:35',NULL),(62,18,20,'Sunt impedit ratione culpa impedit.','2012-03-11 23:08:17','1996-09-16 10:22:57',NULL),(63,26,73,'Officiis natus est et temporibus.','1974-08-25 04:35:40','1972-05-05 16:05:32',NULL),(64,42,21,'Eius omnis eveniet magni dolor nostrum.','1998-01-12 15:28:26','2012-06-28 23:32:13',NULL),(65,83,83,'Et eos autem officia eos.','1996-06-05 10:07:50','2008-08-05 11:44:26',NULL),(66,32,89,'Quia quaerat voluptate itaque neque quia recusandae voluptas quaerat.','1983-06-24 14:31:00',NULL,NULL),(67,31,18,'Aut necessitatibus quia voluptatem temporibus quae ab.','2015-08-30 05:26:23','1988-02-14 02:47:28',NULL),(68,54,1,'Quidem dignissimos sint magnam saepe ea consequatur sint.','2012-01-17 17:33:41','1997-09-12 09:41:41',NULL),(69,2,94,'Similique soluta soluta deleniti nam in velit earum.','2013-05-26 00:22:58',NULL,NULL),(70,74,26,'Quis repellendus voluptatibus est rerum dolor.','2018-12-30 06:47:37',NULL,NULL),(71,55,73,'Perferendis aut molestiae eligendi consequatur quisquam iusto inventore cupiditate.','2007-10-01 00:22:21','2005-01-06 16:31:59',NULL),(72,45,73,'Et similique deserunt voluptas id.','2012-01-22 05:00:44',NULL,NULL),(73,7,34,'Fugit est provident qui.','1996-04-24 13:24:08',NULL,NULL),(74,98,49,'Blanditiis quas praesentium minima reprehenderit alias sed.','2012-04-20 22:21:07','2005-06-08 23:23:49',NULL),(75,94,86,'Aperiam consequatur aperiam dolores tenetur doloremque quia.','1987-11-13 17:00:26','1970-03-26 16:31:04',NULL),(76,14,67,'Aut ad dolore non ut sunt eos qui.','1980-06-26 16:53:48',NULL,NULL),(77,17,31,'Aut sint quidem ut aut deserunt.','2006-04-07 05:22:35','1976-10-08 07:43:33',NULL),(78,87,43,'Tempora in exercitationem sequi nihil.','1992-10-01 06:51:41','2018-02-09 05:59:57',NULL),(79,3,28,'Sint saepe molestias rerum debitis vel nobis quia.','2018-04-22 16:10:55',NULL,NULL),(80,63,86,'Labore ex porro occaecati velit est maxime.','2010-11-25 03:13:18',NULL,NULL),(81,10,95,'Aut libero adipisci culpa qui enim et repellat.','2015-01-29 04:14:26','1982-01-02 23:27:56',NULL),(82,75,41,'Itaque officia quis quia sint praesentium qui sit.','1989-11-01 11:43:52',NULL,NULL),(83,13,29,'Ipsam reprehenderit et et dolor.','2005-08-29 08:48:52',NULL,NULL),(84,42,14,'Ut consequuntur pariatur qui temporibus et.','1997-06-15 21:16:18',NULL,NULL),(85,22,15,'Non magnam omnis et non.','1988-06-08 03:38:24','2008-04-11 08:48:07',NULL),(86,40,77,'Officia quasi eius aut qui dolorem voluptas voluptas doloremque.','2017-11-16 20:56:31',NULL,NULL),(87,88,85,'Libero eligendi in modi.','1987-07-30 14:15:29','2004-02-16 09:16:21',NULL),(88,49,94,'Maxime rerum asperiores consequatur cumque maiores qui.','1991-05-10 13:00:57','2003-12-17 02:20:20',NULL),(89,18,47,'Numquam doloremque perferendis asperiores ad ea.','1975-01-08 17:57:54',NULL,NULL),(90,43,12,'Pariatur assumenda expedita odio quidem provident.','1974-11-20 10:23:35',NULL,NULL),(91,32,56,'Est voluptatem eaque reiciendis et.','2009-02-12 20:56:24','1978-04-23 16:28:04',NULL),(92,79,49,'Ullam nisi quidem impedit eum dolore nihil sit.','1999-04-20 13:46:24','2002-06-11 16:56:16',NULL),(93,87,65,'In ab voluptatum ab minus ut tempore atque.','2009-12-15 16:20:58','2014-08-28 11:24:28',NULL),(94,91,90,'Quaerat eos aliquam ullam necessitatibus corrupti excepturi.','1997-12-02 19:37:39',NULL,NULL),(95,92,54,'Adipisci sequi nemo consectetur impedit temporibus.','2016-05-07 03:31:14','2000-02-21 17:14:19',NULL),(96,75,2,'Accusantium dolor qui et quis consequatur tempore.','1994-10-27 09:15:48','1995-06-22 22:45:30',NULL),(97,48,49,'Similique atque natus quia incidunt voluptatem.','2002-07-06 04:55:38','1970-03-03 23:18:20',NULL),(98,42,60,'Nemo et asperiores consequuntur aut qui.','2020-06-08 22:04:56',NULL,NULL),(99,77,84,'Dolores est et velit quibusdam qui omnis.','1971-10-26 13:07:18','1991-04-09 15:28:15',NULL),(100,74,99,'Voluptatem in modi animi aliquid doloremque.','1977-07-09 05:39:27',NULL,NULL);
/*!40000 ALTER TABLE `message` ENABLE KEYS */;
UNLOCK TABLES;

--
-- Table structure for table `post`
--

DROP TABLE IF EXISTS `post`;
/*!40101 SET @saved_cs_client     = @@character_set_client */;
/*!50503 SET character_set_client = utf8mb4 */;
CREATE TABLE `post` (
  `id` int unsigned NOT NULL AUTO_INCREMENT,
  `user_id` int unsigned NOT NULL,
  `community_id` int unsigned DEFAULT NULL,
  `post_id` int unsigned DEFAULT NULL,
  `text` text CHARACTER SET utf8mb4 COLLATE utf8mb4_unicode_ci,
  `media_id` int unsigned DEFAULT NULL,
  `created_at` datetime NOT NULL DEFAULT CURRENT_TIMESTAMP,
  PRIMARY KEY (`id`),
  KEY `fk_post_profile1_idx` (`user_id`),
  KEY `fk_post_community1_idx` (`community_id`),
  KEY `fk_post_post1_idx` (`post_id`),
  KEY `fk_post_media1_idx` (`media_id`),
  CONSTRAINT `fk_post_community1` FOREIGN KEY (`community_id`) REFERENCES `community` (`id`),
  CONSTRAINT `fk_post_media1` FOREIGN KEY (`media_id`) REFERENCES `media` (`id`),
  CONSTRAINT `fk_post_post1` FOREIGN KEY (`post_id`) REFERENCES `post` (`id`),
  CONSTRAINT `fk_post_profile1` FOREIGN KEY (`user_id`) REFERENCES `profile` (`user_id`)
) ENGINE=InnoDB AUTO_INCREMENT=101 DEFAULT CHARSET=utf8mb4 COLLATE=utf8mb4_unicode_ci;
/*!40101 SET character_set_client = @saved_cs_client */;

--
-- Dumping data for table `post`
--

LOCK TABLES `post` WRITE;
/*!40000 ALTER TABLE `post` DISABLE KEYS */;
INSERT INTO `post` VALUES (1,7,NULL,NULL,'Quod provident libero natus.',41,'1987-03-08 20:07:44'),(2,4,NULL,NULL,'Vel quo qui aspernatur dolorem voluptates.',90,'2015-12-10 07:00:49'),(3,26,NULL,NULL,'In enim aut nihil voluptas perferendis.',47,'1990-06-21 11:55:42'),(4,51,NULL,NULL,'Sapiente exercitationem placeat nisi impedit.',30,'2015-03-31 01:19:20'),(5,56,NULL,NULL,'In omnis beatae et molestiae neque error.',70,'1975-01-25 17:58:27'),(6,49,NULL,NULL,'Quod sed ut ipsum non non aut.',71,'1989-05-14 17:06:20'),(7,57,NULL,NULL,'Est nam et ipsum aspernatur sed id sed.',32,'2017-04-29 01:24:23'),(8,8,NULL,NULL,'Delectus illum repudiandae voluptas ratione ut.',95,'2001-01-29 02:40:46'),(9,77,NULL,NULL,'At consequatur ullam labore sed illum perspiciatis ut laboriosam.',68,'2008-06-14 16:19:18'),(10,99,NULL,NULL,'Dolor sed ea earum facere est quos mollitia.',92,'1980-08-15 18:29:10'),(11,43,NULL,NULL,'Et odio expedita pariatur voluptate vel error qui.',49,'1990-12-27 18:58:15'),(12,58,NULL,NULL,'Accusamus nesciunt occaecati consequuntur fugiat iste.',24,'2008-04-01 14:20:40'),(13,81,NULL,NULL,'Necessitatibus repellendus quidem voluptatem sit ex possimus.',99,'1996-05-24 12:17:39'),(14,69,NULL,NULL,'Eligendi quia odit voluptatibus vel.',38,'1970-12-12 01:19:56'),(15,17,NULL,NULL,'Quia ea magni voluptatibus cumque.',31,'2000-10-01 21:13:35'),(16,17,NULL,NULL,'Minus asperiores voluptatem numquam reprehenderit pariatur et ipsa.',24,'2001-01-08 16:10:01'),(17,72,NULL,NULL,'Commodi et sint ex atque.',21,'2002-06-12 21:44:47'),(18,14,NULL,NULL,'Et illo omnis laudantium quis nobis dicta.',97,'1972-01-23 18:15:32'),(19,67,NULL,NULL,'Eius quia magnam pariatur animi.',65,'1979-04-24 15:43:52'),(20,27,NULL,NULL,'Eum minus quisquam dolorum voluptas fuga illo possimus.',22,'1979-09-09 13:21:18'),(21,34,NULL,NULL,'Quae sequi nihil ut.',75,'1973-05-11 17:01:33'),(22,93,NULL,NULL,'Dignissimos maxime aut explicabo porro.',90,'2004-11-05 09:50:01'),(23,7,NULL,NULL,'Aut non odit nihil quis est repellat.',1,'1998-12-14 22:36:26'),(24,85,NULL,NULL,'Qui et odit est veritatis.',83,'2007-08-31 05:55:53'),(25,68,NULL,NULL,'Doloremque qui voluptatem est sit natus officiis ut dicta.',83,'2007-06-12 22:40:37'),(26,74,NULL,NULL,'Exercitationem saepe aut dicta sequi eos quasi.',11,'2000-11-29 21:32:15'),(27,32,NULL,NULL,'Impedit error sit neque aut debitis dolores quia.',32,'2019-05-22 08:41:07'),(28,34,NULL,NULL,'Quisquam molestiae esse at et vel nemo illo id.',13,'1988-07-22 07:11:17'),(29,31,NULL,NULL,'Quisquam omnis totam illo quia.',3,'1989-11-06 14:25:50'),(30,51,NULL,NULL,'Voluptates alias doloremque quam ipsum aliquam ea vel.',47,'1986-09-30 00:20:38'),(31,33,NULL,NULL,'Consequatur earum saepe odit architecto a eos quisquam.',68,'1981-03-09 22:39:29'),(32,71,NULL,NULL,'Rerum qui dolor dicta et delectus dolorem.',4,'1996-05-15 02:01:48'),(33,88,NULL,NULL,'Sit vel vero nihil perspiciatis.',84,'1989-12-12 03:31:42'),(34,1,NULL,NULL,'Inventore repellat dolore sed quod omnis.',54,'1981-09-21 14:23:38'),(35,48,NULL,NULL,'Et delectus labore et consequatur.',28,'1986-08-13 00:41:58'),(36,76,NULL,NULL,'Tenetur impedit neque fugit est quod.',81,'1975-04-11 15:34:25'),(37,3,NULL,NULL,'Sapiente aspernatur saepe incidunt non non laboriosam.',69,'1972-01-15 07:22:34'),(38,71,NULL,NULL,'Id laudantium explicabo assumenda natus.',9,'2007-08-06 08:46:43'),(39,69,NULL,NULL,'Consequatur rerum dicta est repellat molestias.',55,'1997-11-10 07:03:26'),(40,92,NULL,NULL,'Ratione ut omnis facere aspernatur.',37,'1996-01-01 16:37:55'),(41,37,NULL,NULL,'Id quas fuga vero quia optio.',65,'1983-10-24 10:27:58'),(42,47,NULL,NULL,'Deleniti molestias fugit maxime id eos assumenda quia.',69,'1974-07-04 19:49:20'),(43,97,NULL,NULL,'Minima dicta dignissimos accusantium quia.',81,'2017-03-28 21:05:45'),(44,81,NULL,NULL,'Et odit amet ea et est.',27,'2021-04-30 07:22:21'),(45,84,NULL,NULL,'Reiciendis qui quam rem.',32,'2012-05-06 23:28:01'),(46,73,NULL,NULL,'Veritatis nesciunt alias odio ipsa.',17,'2012-01-07 15:21:45'),(47,99,NULL,NULL,'Hic ratione similique assumenda ut praesentium et.',43,'2018-08-25 05:14:41'),(48,21,NULL,NULL,'Consequatur minus sunt voluptas consequatur.',86,'1999-02-22 07:47:36'),(49,27,NULL,NULL,'Explicabo voluptas temporibus atque et incidunt saepe.',22,'1972-05-22 23:15:19'),(50,40,NULL,NULL,'Eveniet sit alias voluptatibus sit.',74,'2010-01-02 18:30:19'),(51,49,NULL,NULL,'Dolorum hic sed officia necessitatibus corporis.',15,'1994-11-07 08:32:42'),(52,55,NULL,NULL,'Veritatis necessitatibus corporis amet veritatis quaerat placeat rerum.',51,'1979-12-23 02:49:10'),(53,84,NULL,NULL,'Qui inventore totam ea veritatis blanditiis et.',25,'2011-04-20 07:28:38'),(54,60,NULL,NULL,'Asperiores iste iste quia explicabo maiores.',53,'1973-07-16 07:50:10'),(55,80,NULL,NULL,'Facere qui error dolores omnis aut corrupti ut iste.',51,'2003-09-08 18:07:03'),(56,89,NULL,NULL,'Iste quam quo consequuntur est architecto sit.',16,'1993-10-23 09:16:27'),(57,16,NULL,NULL,'Consequatur repellendus voluptatem quis maxime quaerat.',36,'1974-12-31 14:35:14'),(58,85,NULL,NULL,'Numquam illum quidem in molestiae facilis quia sunt.',12,'1979-04-09 19:55:39'),(59,17,NULL,NULL,'Tempora quaerat officia aut dicta quo.',66,'1997-04-02 12:02:56'),(60,38,NULL,NULL,'Quo non dolores quidem dolores eum laudantium.',100,'2016-08-13 09:25:46'),(61,97,NULL,NULL,'Unde eligendi quo est et.',11,'2008-10-19 16:21:16'),(62,16,NULL,NULL,'Magnam autem dolor pariatur porro.',95,'1992-04-02 17:45:35'),(63,54,NULL,NULL,'Est voluptas voluptatem assumenda aliquam.',36,'2015-08-04 23:41:26'),(64,80,NULL,NULL,'Consectetur voluptatum earum culpa veritatis voluptatum nihil.',80,'2006-06-27 22:22:36'),(65,58,NULL,NULL,'Vel aspernatur officia dolor.',19,'2001-09-08 00:14:23'),(66,54,NULL,NULL,'Sequi autem magni dolorum accusamus.',6,'1979-04-11 09:50:03'),(67,34,NULL,NULL,'Illum non tenetur laborum rerum.',9,'2019-09-30 22:52:58'),(68,57,NULL,NULL,'Dolore placeat necessitatibus omnis odio est suscipit quia.',17,'2012-03-31 02:49:25'),(69,34,NULL,NULL,'Dolorem ut fuga quas est magnam dolorem.',16,'2009-07-29 13:35:52'),(70,69,NULL,NULL,'Similique enim deserunt veniam nam ea.',13,'1984-01-10 08:24:09'),(71,67,NULL,NULL,'Ut velit amet quod porro.',58,'2014-05-28 07:13:35'),(72,29,NULL,NULL,'Eaque dolores maxime culpa perspiciatis reprehenderit.',82,'1989-05-29 13:57:58'),(73,94,NULL,NULL,'Aut dolor hic molestiae maiores deserunt est.',13,'2006-01-11 19:43:41'),(74,94,NULL,NULL,'Consequuntur occaecati officia occaecati qui sed.',10,'1994-05-03 22:29:55'),(75,78,NULL,NULL,'Eos debitis soluta atque commodi consequatur aperiam.',31,'2014-04-17 10:49:37'),(76,10,NULL,NULL,'Quibusdam id rem quibusdam qui perspiciatis.',74,'2010-09-04 02:05:40'),(77,42,NULL,NULL,'Et quo quae qui esse quos maxime.',26,'1984-11-11 18:41:28'),(78,68,NULL,NULL,'Velit id provident ut excepturi et.',95,'1983-01-04 20:20:55'),(79,62,NULL,NULL,'Dolores porro qui odio quae enim.',48,'1975-11-16 15:53:41'),(80,75,NULL,NULL,'Voluptatem optio assumenda quia incidunt ut voluptates nesciunt.',19,'2011-08-29 11:17:42'),(81,66,NULL,NULL,'Qui aliquam ut eveniet labore aliquid et.',29,'2016-07-20 18:49:01'),(82,24,NULL,NULL,'Magnam doloremque qui accusamus est non.',99,'1978-06-14 15:58:38'),(83,37,NULL,NULL,'Dolorem non tempore rerum enim.',81,'1974-01-27 22:59:00'),(84,16,NULL,NULL,'Quo aut officia voluptas voluptas et delectus.',70,'1972-04-18 07:30:19'),(85,97,NULL,NULL,'Aut facilis fugiat pariatur qui nihil qui voluptates.',85,'1995-11-03 03:37:04'),(86,83,NULL,NULL,'Non quos sed suscipit quibusdam.',63,'2011-07-13 02:01:25'),(87,43,NULL,NULL,'Ut repellat eum reiciendis animi.',11,'2003-09-27 02:50:06'),(88,45,NULL,NULL,'Sed corporis et magni in sed alias.',36,'2005-10-06 19:09:36'),(89,23,NULL,NULL,'Sunt ut eum quos.',39,'1978-07-27 01:05:41'),(90,46,NULL,NULL,'At deleniti aut quisquam quis dolores est.',1,'2013-02-28 04:11:55'),(91,69,NULL,NULL,'Occaecati sit id ducimus sit dolorem.',56,'2005-12-04 13:05:38'),(92,74,NULL,NULL,'Labore accusamus iste nemo esse voluptas totam aut.',11,'2007-02-05 06:15:24'),(93,81,NULL,NULL,'Quibusdam adipisci quo perspiciatis modi et.',42,'2014-07-31 03:25:00'),(94,6,NULL,NULL,'Quia quisquam qui necessitatibus officia quae nam modi.',43,'2019-11-09 15:11:42'),(95,89,NULL,NULL,'Rem minima hic ducimus consequatur.',80,'2017-02-21 20:38:57'),(96,61,NULL,NULL,'Excepturi voluptatem consectetur mollitia.',55,'1971-10-15 20:43:48'),(97,8,NULL,NULL,'Voluptas eveniet quo perspiciatis ut.',85,'1977-12-02 22:35:02'),(98,53,NULL,NULL,'Natus cum id quo quia adipisci minima.',45,'1979-11-20 01:41:32'),(99,65,NULL,NULL,'Magni rerum sequi sunt nisi voluptas beatae.',69,'2004-06-18 19:53:35'),(100,15,NULL,NULL,'Cumque vel voluptatum temporibus ut dolores voluptatibus est.',61,'2009-03-31 00:48:07');
/*!40000 ALTER TABLE `post` ENABLE KEYS */;
UNLOCK TABLES;

--
-- Table structure for table `profile`
--

DROP TABLE IF EXISTS `profile`;
/*!40101 SET @saved_cs_client     = @@character_set_client */;
/*!50503 SET character_set_client = utf8mb4 */;
CREATE TABLE `profile` (
  `user_id` int unsigned NOT NULL,
  `firstname` varchar(245) CHARACTER SET utf8mb4 COLLATE utf8mb4_unicode_ci NOT NULL,
  `lastname` varchar(245) CHARACTER SET utf8mb4 COLLATE utf8mb4_unicode_ci NOT NULL,
  `gender` enum('m','f','x') CHARACTER SET utf8mb4 COLLATE utf8mb4_unicode_ci NOT NULL,
  `birthday` date NOT NULL,
  `address` varchar(245) CHARACTER SET utf8mb4 COLLATE utf8mb4_unicode_ci DEFAULT NULL,
  `media_id` int unsigned DEFAULT NULL,
  PRIMARY KEY (`user_id`),
  KEY `user_name` (`lastname`,`firstname`),
  KEY `fk_profile_media1_idx` (`media_id`),
  CONSTRAINT `fk_profile_media1` FOREIGN KEY (`media_id`) REFERENCES `media` (`id`),
  CONSTRAINT `fk_profile_user` FOREIGN KEY (`user_id`) REFERENCES `user` (`id`)
) ENGINE=InnoDB DEFAULT CHARSET=utf8mb4 COLLATE=utf8mb4_unicode_ci;
/*!40101 SET character_set_client = @saved_cs_client */;

--
-- Dumping data for table `profile`
--

LOCK TABLES `profile` WRITE;
/*!40000 ALTER TABLE `profile` DISABLE KEYS */;
INSERT INTO `profile` VALUES (1,'Dean','Bartoletti','f','1989-09-20','2577 Herman Row',NULL),(2,'Chester','Schmeler','f','1974-08-09','8447 Beier Track Apt. 475',NULL),(3,'Coralie','Grimes','m','2019-06-06','814 Effertz Parks',NULL),(4,'Fiona','Stanton','f','2011-05-01','24891 Amber Track',NULL),(5,'Alfonzo','Walter','m','1975-09-21','5704 Blick Knolls',NULL),(6,'Selina','Ankunding','m','1991-07-05','8681 Carter Spring',NULL),(7,'Barbara','Brekke','f','1976-08-03','4998 Kallie Station',NULL),(8,'Mazie','Goyette','f','1977-01-06','364 Green Station Suite 710',NULL),(9,'Yvonne','Dickinson','f','1987-03-18','363 Mayert Neck Apt. 694',NULL),(10,'Kayden','Bernier','m','1997-10-31','0746 Fred Fords',NULL),(11,'Rebecca','Lang','f','2002-03-28','6242 Vinnie Ford Apt. 051',NULL),(12,'Jaron','Howell','m','1992-02-21','132 Paucek Falls Apt. 500',NULL),(13,'Emmitt','Kirlin','f','1986-04-26','558 Pasquale Ferry',NULL),(14,'Jacynthe','Dietrich','m','1992-06-10','3160 Joshua Camp Suite 684',NULL),(15,'Dayana','Murray','f','2015-07-15','029 Skye Roads',NULL),(16,'Zetta','Jacobs','m','1980-02-17','181 Antonina Meadows Apt. 344',NULL),(17,'Valerie','Runolfsdottir','f','2009-09-06','817 Stracke Mountains',NULL),(18,'Priscilla','Swaniawski','m','1981-10-18','6031 Murazik Village',NULL),(19,'Camren','Rath','f','2017-08-17','2100 Enos Tunnel Apt. 290',NULL),(20,'Timmy','Hickle','f','1994-02-23','686 Wiley Crest',NULL),(21,'Delilah','Sauer','m','1979-03-08','72083 Fermin Fields',NULL),(22,'Sierra','Dooley','f','2012-01-24','756 Reynolds Crescent Apt. 360',NULL),(23,'Hudson','Murray','f','2017-08-08','28466 Dexter Fort',NULL),(24,'Chandler','Nitzsche','f','1976-07-10','217 Moore Mountain',NULL),(25,'Macy','Hegmann','m','2007-09-09','1930 Jonathan Summit',NULL),(26,'Mary','Grimes','m','1975-03-18','7409 Wanda Streets',NULL),(27,'Aida','Hoeger','m','1991-08-19','676 Hettinger Inlet',NULL),(28,'Jameson','Spinka','f','1998-08-01','681 Rolando Expressway Suite 107',NULL),(29,'Harvey','Watsica','m','1984-08-21','0740 Camille Cliff Suite 693',NULL),(30,'Yvette','Kuphal','f','2004-05-08','57639 Rosetta Groves Suite 619',NULL),(31,'Major','Morar','m','1990-04-02','7837 Clair Spur',NULL),(32,'Kenna','Bruen','m','1987-11-23','8899 Brown Harbors Apt. 198',NULL),(33,'Shawn','Rolfson','f','1972-04-11','42999 Collier Summit',NULL),(34,'Keaton','Langosh','f','1989-12-31','535 Christiansen Mountain',NULL),(35,'Webster','Thompson','f','1975-09-29','4776 Maureen Street Apt. 243',NULL),(36,'Nya','Jakubowski','m','1982-03-31','7360 Cummerata Via',NULL),(37,'Uriel','Price','m','1988-06-14','745 Daniel Gateway',NULL),(38,'Garrett','Thompson','f','2001-04-08','484 Olson Common',NULL),(39,'Mariam','Dickens','m','1992-06-02','1843 Cole Hills Suite 739',NULL),(40,'Grover','Mohr','m','2000-02-03','50576 Kiara Manor Apt. 395',NULL),(41,'Skyla','Boyer','f','1993-08-13','954 Corkery Streets',NULL),(42,'Gladys','Considine','f','1970-08-19','0265 Jamel Burg',NULL),(43,'Jarrett','Ruecker','m','2017-05-26','86412 Selmer Drive Suite 145',NULL),(44,'Rosie','Kirlin','m','1994-01-16','515 Kilback Flats Apt. 435',NULL),(45,'Lulu','Huel','f','1979-06-05','7895 Gleason Rapid',NULL),(46,'Herbert','Streich','f','1990-02-18','41399 Witting Orchard Apt. 378',NULL),(47,'Deanna','Hintz','f','1989-01-10','24036 Berenice Tunnel Suite 277',NULL),(48,'Brock','Ferry','m','1971-07-11','874 McKenzie Ville',NULL),(49,'Anabelle','Gorczany','m','2007-10-18','2467 Pietro Port',NULL),(50,'Irwin','Lehner','f','2007-05-23','234 Eric Trail Suite 853',NULL),(51,'Kamryn','Lindgren','f','2007-07-30','637 Feeney Points',NULL),(52,'Annabelle','Collier','m','1989-10-01','784 Schoen Flats Apt. 574',NULL),(53,'Carmine','Zemlak','m','1998-11-14','9625 Vaughn View Apt. 877',NULL),(54,'Christopher','Hammes','f','1997-05-07','95338 Cyril Light Suite 175',NULL),(55,'Madison','Feeney','f','1990-04-13','95114 Shad Groves Suite 571',NULL),(56,'Robyn','Conroy','f','2008-09-02','349 Maxine Cliff',NULL),(57,'Mina','Lebsack','m','1975-07-29','5898 Jenkins Views',NULL),(58,'Macey','Renner','m','1978-05-17','39359 Diego Mission Apt. 983',NULL),(59,'Katlynn','Wuckert','m','2009-10-27','44127 Lura Parkway Suite 466',NULL),(60,'Dana','Stoltenberg','f','1989-11-12','6756 Jaden Trace',NULL),(61,'Nelle','Jacobson','m','2001-06-30','322 Conner Turnpike Apt. 965',NULL),(62,'Terrance','Beahan','m','1982-12-18','025 Mekhi Turnpike Apt. 123',NULL),(63,'Addison','Gislason','f','2006-01-03','02993 Omer Via',NULL),(64,'Lewis','Morar','f','2015-05-25','0066 Nolan Ramp',NULL),(65,'Bryce','Aufderhar','m','2009-05-20','09712 Fadel Mill Apt. 089',NULL),(66,'Justine','Hilll','f','1970-03-01','71840 Alford Trail Apt. 157',NULL),(67,'Jamir','Treutel','f','1983-06-16','02919 Armstrong Dam Suite 820',NULL),(68,'Mario','Brakus','m','2008-07-31','051 Cameron Land Apt. 539',NULL),(69,'Felicity','Toy','f','1980-03-27','502 Dickens Landing',NULL),(70,'Zack','Greenholt','f','1994-10-04','9425 Leta Knoll',NULL),(71,'Jonathan','Wunsch','m','1995-01-28','19234 Heaney Glen Apt. 172',NULL),(72,'Thomas','Stokes','m','1973-12-17','69248 Vallie Haven Apt. 048',NULL),(73,'Gordon','Wilderman','f','1988-05-03','6347 Dare Roads Suite 223',NULL),(74,'Brenna','Feest','m','1989-03-10','29317 Magdalena Turnpike',NULL),(75,'Iliana','Green','f','1974-04-14','7437 Alexys View Apt. 845',NULL),(76,'Willard','Bosco','m','1980-06-17','26480 Evert Courts Apt. 441',NULL),(77,'Fritz','Miller','m','1999-02-21','04613 Eloy Crossing Suite 281',NULL),(78,'Jadyn','Botsford','m','1997-01-06','944 Monahan Summit',NULL),(79,'Fermin','Pfeffer','m','1970-02-01','8813 Pollich Causeway Suite 778',NULL),(80,'Harley','Schmidt','f','1980-10-31','2373 Dooley Hills Suite 766',NULL),(81,'Lavonne','Considine','m','2004-01-29','90790 Geovanny Tunnel',NULL),(82,'Keshaun','Langosh','m','2011-09-30','10763 Reuben Ports',NULL),(83,'Lurline','Mann','f','1980-03-16','52789 Stephania Canyon',NULL),(84,'Arielle','Yundt','f','1999-12-16','247 Dare Ridges Suite 145',NULL),(85,'Ila','Wehner','m','1987-10-27','627 Grimes Plaza',NULL),(86,'Karlie','Casper','f','1972-09-29','909 Goodwin Camp Apt. 445',NULL),(87,'Rebecca','O\'Conner','m','2019-10-24','7819 Shanahan Meadow',NULL),(88,'Gustave','Rowe','f','1998-12-09','988 Shanon Tunnel Apt. 885',NULL),(89,'Avis','Rippin','f','2004-10-05','52603 Schuster Springs',NULL),(90,'Raul','Moore','f','1984-09-08','762 Jefferey Flats',NULL),(91,'Christian','Runte','m','1985-11-04','682 Alvena Roads',NULL),(92,'Domenico','Botsford','f','1986-06-25','79145 Bert Haven',NULL),(93,'Patrick','Hegmann','m','1992-06-24','77086 Robel Road Apt. 899',NULL),(94,'Freddie','Rosenbaum','f','2011-01-28','13004 Carmen Mission Apt. 945',NULL),(95,'Chelsey','Steuber','m','1984-07-23','675 Glover Freeway',NULL),(96,'Marge','Leuschke','f','1971-03-03','2705 Ashton Walks Suite 287',NULL),(97,'Braxton','Dicki','m','1970-03-24','512 America Circles Apt. 346',NULL),(98,'Bulah','Kutch','m','2008-11-23','652 Krystel Passage Apt. 686',NULL),(99,'Rosie','Witting','f','1975-11-18','06809 Vicenta Terrace',NULL),(100,'Conrad','Vandervort','f','2017-01-25','88811 Juston Hills',NULL);
/*!40000 ALTER TABLE `profile` ENABLE KEYS */;
UNLOCK TABLES;

--
-- Table structure for table `user`
--

DROP TABLE IF EXISTS `user`;
/*!40101 SET @saved_cs_client     = @@character_set_client */;
/*!50503 SET character_set_client = utf8mb4 */;
CREATE TABLE `user` (
  `id` int unsigned NOT NULL AUTO_INCREMENT,
  `email` varchar(245) CHARACTER SET utf8mb4 COLLATE utf8mb4_unicode_ci NOT NULL,
  `phone` bigint NOT NULL,
  `password_hash` char(65) CHARACTER SET utf8mb4 COLLATE utf8mb4_unicode_ci DEFAULT NULL,
  `created_at` datetime NOT NULL DEFAULT CURRENT_TIMESTAMP,
  `updated_at` datetime DEFAULT NULL ON UPDATE CURRENT_TIMESTAMP,
  `deleted_at` datetime DEFAULT NULL,
  PRIMARY KEY (`id`),
  UNIQUE KEY `email_UNIQUE` (`email`),
  UNIQUE KEY `phone_UNIQUE` (`phone`)
) ENGINE=InnoDB AUTO_INCREMENT=101 DEFAULT CHARSET=utf8mb4 COLLATE=utf8mb4_unicode_ci;
/*!40101 SET character_set_client = @saved_cs_client */;

--
-- Dumping data for table `user`
--

LOCK TABLES `user` WRITE;
/*!40000 ALTER TABLE `user` DISABLE KEYS */;
INSERT INTO `user` VALUES (1,'ysawayn@example.org',79497430799,'1ddfb5597edac0f8a747d776d1d774ef014f1980','1996-01-27 07:57:44',NULL,NULL),(2,'franecki.kane@example.net',79271106487,'05e6f7842bfd79eba59e12d598f1852aafc6d159','1998-11-23 03:25:00',NULL,NULL),(3,'fgottlieb@example.org',79157932929,'54568e01740324e24dfea1b2fe933bafcf13b59a','1976-07-09 19:17:46',NULL,NULL),(4,'phoebe88@example.net',79556337096,'002e4cd6bac273917b0faa6090262b214f79478a','2020-05-06 11:06:44',NULL,NULL),(5,'kamren.grant@example.com',79073562931,'ad4c91799522f97247875d1843de1f03d4f18d26','2007-07-03 04:47:37',NULL,NULL),(6,'monserrat.rempel@example.net',79303032069,'ae124c10f3e1e7080bcdc3df513e6bc6c0f7e085','1985-06-13 20:16:30',NULL,NULL),(7,'pamela37@example.com',79952336618,'d323b71fb8f90c9b0fce4775427f36baada0c552','1992-06-20 16:17:09',NULL,NULL),(8,'erica.davis@example.com',79596912614,'0009cb059819985bb6503de0091426de377266d3','1987-10-18 00:19:19',NULL,NULL),(9,'verner30@example.com',79321251828,'e20de57fc4453e2a8482599bb4401662d90dc680','1971-03-27 06:36:57',NULL,NULL),(10,'meghan.hodkiewicz@example.net',79973803835,'fac2601637875c0c71b343a7dc53d2c8d436ac4f','1996-07-16 09:49:35',NULL,NULL),(11,'alberto.runolfsdottir@example.net',79412830617,'1a2b42e76970e686deef60dc5186022773f78001','1989-10-28 07:33:19',NULL,NULL),(12,'sipes.lisette@example.com',79565060165,'3f216899c0c986044c719bfeaab6936370e5e9c8','1988-02-22 05:33:41',NULL,NULL),(13,'bonnie.terry@example.org',79743537160,'4c649602f3d6cf5861a1cbae8aba6b52a4906393','1995-08-25 04:42:02',NULL,NULL),(14,'ahills@example.org',79807812532,'697260a17958f1bdcd92167d65295adf833806b0','1973-11-03 10:18:16',NULL,NULL),(15,'olin62@example.net',79300521507,'4897c0026752362f0b3aaaa48af1175d53ec0d78','1990-06-05 20:36:27',NULL,NULL),(16,'ritchie.green@example.net',79426826126,'7ba6ff790360a8a1c8aa9c1b9c69399359198b39','1981-10-02 00:37:10',NULL,NULL),(17,'elise.heaney@example.org',79574704352,'11aa7b3ab5d872851ed8c24bdc94b33a33faba91','1990-09-16 09:51:02',NULL,NULL),(18,'hauck.eldon@example.org',79120675594,'3bb7988907ea6cc818bc2dde17b0b3a151cd66fd','1986-07-23 17:54:43',NULL,NULL),(19,'rempel.marta@example.net',79702215824,'f603deb298b5503ae541f8229e3c69ff362e3841','1998-04-25 07:44:40',NULL,NULL),(20,'zemlak.tierra@example.net',79276193970,'d8087d001729a7a34c8795274b5ce915425d4f2b','1999-02-07 18:58:08',NULL,NULL),(21,'ortiz.dedric@example.net',79609311472,'d47e4d552fb866e2e77be9864f2c280e26c56208','2001-07-13 22:14:46',NULL,NULL),(22,'alessandra71@example.net',79062995169,'77d6e2b1eb2c1c37370eeb1e552baab2fc749bad','2006-09-23 16:47:50',NULL,NULL),(23,'melisa97@example.net',79919832402,'cce9d97d0d43d9e138a59382aa7f21196fa0ea0f','2012-06-06 17:15:14',NULL,NULL),(24,'qlakin@example.net',79034724758,'70f5315ffe3019d05d21402678401427ae2a688b','1982-05-17 13:57:38',NULL,NULL),(25,'lblock@example.com',79048489388,'fd4a4249d1b8abd453866076ef4ce0dd16e0a267','1970-11-09 16:04:33',NULL,NULL),(26,'emard.casimer@example.net',79759940743,'185aad167670fd1de6bb53ac1cc0cf43b84cf042','2012-03-31 23:57:03',NULL,NULL),(27,'cale.dicki@example.com',79492465486,'e403d2defc6b26cd5c87e5b234ca9514eaecdf24','1986-07-04 00:24:15',NULL,NULL),(28,'erika.bogisich@example.com',79185279729,'46c2820b6224197654454973c927e2a60c7f4a71','2015-12-14 01:48:12',NULL,NULL),(29,'shanahan.magali@example.com',79307687675,'10d67a17819708bb70654587bce3f71e444ce6ac','1995-05-16 23:39:06',NULL,NULL),(30,'moen.terrance@example.net',79204183772,'7ae635b06aefa0757e6c634f0c901ef959c9242e','1979-05-31 23:51:58',NULL,NULL),(31,'nickolas.berge@example.net',79124805996,'0ad23c56f001a5ab00e72c22ec6f1c7de2275a89','1970-06-06 21:45:56',NULL,NULL),(32,'alexandrea.kertzmann@example.org',79244641503,'e9b81336f2943c0b0fbe3c682ca5304a18b58c03','2001-01-13 10:51:46',NULL,NULL),(33,'breynolds@example.net',79815328375,'8575da2363ddb9afb4aacce4c196e9c0efa77bd5','2021-02-13 20:19:48',NULL,NULL),(34,'halie92@example.org',79964537623,'2eabf7f98fa0f4f9dcb61770d44838c0ebe0cfd8','2021-06-27 00:39:59',NULL,NULL),(35,'frank.mohr@example.org',79060951557,'b2273276e1fc737211bb3147fc8a5038af24c0c7','1972-01-11 12:50:56',NULL,NULL),(36,'koss.pauline@example.org',79931798659,'2324ac63b40bc861ff7494957c689fdfc8f33bda','2013-01-10 19:08:09',NULL,NULL),(37,'zboncak.ilene@example.com',79520827394,'9c3df0e9e6af6a2f61180335a78945be734534af','1973-01-17 17:04:01',NULL,NULL),(38,'hilll.kari@example.org',79802457497,'3b2be04bbbda572bb18a5cc5ea0be4f7a6281db0','1978-07-21 19:27:59',NULL,NULL),(39,'kiera.paucek@example.com',79573118190,'4ee8bccf4155e2a4ae8ed25af5136a8bcaea2bba','2010-02-22 21:10:34',NULL,NULL),(40,'archibald05@example.net',79925924171,'9970e97674d0e7cc4692449ff7d56fd7b48919fd','1974-05-06 05:11:01',NULL,NULL),(41,'name16@example.com',79252097105,'d7891c6cd44bf7a8a82356908d5500a086be8d1e','2008-01-04 05:13:33',NULL,NULL),(42,'harvey.jany@example.net',79970093974,'04de21516ad61ac25095031b927697ac622d6b58','1978-12-07 07:42:20',NULL,NULL),(43,'adolfo.botsford@example.org',79694262305,'122844e5b8876cd47f39681411ad12b3c54df6c4','1989-07-12 17:19:36',NULL,NULL),(44,'dell.prosacco@example.org',79002993835,'27c1b3c8ae370ea7de223d258f4de80275d70f80','2021-02-17 03:06:38',NULL,NULL),(45,'thad35@example.net',79985561609,'d9d2ebe4b81cf793a5c5e5dcd0eb89674300cc26','2003-02-27 13:36:59',NULL,NULL),(46,'alexys.denesik@example.com',79716693053,'43c41cbd7a9440f4ae727270fb1b83312100f083','1979-10-07 01:16:59',NULL,NULL),(47,'zchristiansen@example.com',79871078580,'c155adc25141abe4086e9f9dad99bc864ccc36c2','1974-04-13 16:20:48',NULL,NULL),(48,'qturner@example.net',79624870135,'21053ce735ee31efcf175196c213b21f929905f6','2002-08-24 23:18:30',NULL,NULL),(49,'sporer.kaylee@example.org',79644132839,'91ab37af5670b29ddbd0d7d3cbd42ed3d3638957','1992-12-19 18:44:01',NULL,NULL),(50,'tristian.blick@example.com',79656920175,'c80319549a09b66ac955dd6a126e14c0325717be','1982-07-02 22:53:56',NULL,NULL),(51,'whyatt@example.net',79445540217,'ce035c2810998d8443f875f023fb7d62faf898bb','1977-10-28 13:32:38',NULL,NULL),(52,'raymond31@example.net',79416429281,'c35664819429bc5dddbfc4332f93840093828c65','1998-12-30 00:17:50',NULL,NULL),(53,'eblock@example.com',79009643333,'63c234f1e08182d0a6e5dad166ccf42fcc53d166','1975-06-19 01:38:26',NULL,NULL),(54,'ufeil@example.org',79614391202,'0903df8e7d4c55f4fe6de36b33b52704219bccdf','2000-04-26 01:17:52',NULL,NULL),(55,'gkohler@example.org',79946699750,'82344f4d8f702ed0d04732de66ab2ada8568a7d4','2007-05-17 16:27:02',NULL,NULL),(56,'ehoeger@example.org',79392805202,'3a9ed29451d035a36c7c4e0d429bb13e9c203fe0','1978-10-31 16:15:54',NULL,NULL),(57,'elfrieda.langosh@example.com',79420749928,'35d63b3708a42191b6da3efa1112e27d9513a7aa','1989-10-24 13:41:34',NULL,NULL),(58,'bernie.mertz@example.org',79813230318,'1dd2993dec2b1613fe3999dcb51651d6fa765264','1970-06-16 02:54:14',NULL,NULL),(59,'bartholome.lueilwitz@example.net',79175933120,'4c9086392c4cfe42cea46d585e588255893764cd','1987-06-26 10:50:08',NULL,NULL),(60,'kiera47@example.com',79920361591,'0dd8f853d93e842afc60fefd8fc2d1840cd4e7f9','1999-03-23 05:34:13',NULL,NULL),(61,'bethel18@example.org',79949793472,'c97fa80baed2cc9ae44912066fc6ee612fb16222','2009-03-22 12:59:59',NULL,NULL),(62,'mike.flatley@example.org',79255851614,'5511f2e5615d272bb97dbfa6c4001910b09cf510','1974-08-28 17:43:09',NULL,NULL),(63,'mathilde43@example.org',79665233708,'1e00a78af156852c593ad87b387a121587ec3930','2009-04-10 05:38:16',NULL,NULL),(64,'strosin.faustino@example.com',79182529051,'449b54de9c29b2cba9d3f7ff6af44473c77905b1','1977-09-06 06:46:31',NULL,NULL),(65,'nikolaus.deondre@example.net',79892268685,'811da2dad7366f421d5421c903bd3583bab7d38e','1978-04-15 13:30:21',NULL,NULL),(66,'kaelyn.mosciski@example.com',79961242991,'40d9bc7e7e749859ddda909abab796cd99e53ea4','1973-12-17 22:50:38',NULL,NULL),(67,'xrodriguez@example.net',79777932732,'2474e4896c86c5702aaa446f03df8e02f373be28','2016-05-25 16:33:19',NULL,NULL),(68,'ycronin@example.com',79138794635,'cbddd23bd311ba3de40ca7ddcba4f76aa5c7e65a','1991-07-21 01:32:06',NULL,NULL),(69,'erling.haag@example.com',79381816276,'f2eca85e528d95d2d0920d4c14c950d846c6b9f4','1970-07-13 11:50:21',NULL,NULL),(70,'annabel.quigley@example.org',79730448650,'2dad72d18566330cac6ee7935d7757cd8561acc6','1972-06-22 10:24:03',NULL,NULL),(71,'salvatore.lind@example.net',79685373095,'9ea1a64c35e6b4d79e0b593cb11cb16030bcbbc0','2011-09-30 09:32:05',NULL,NULL),(72,'lindsey32@example.org',79940950714,'cbf511828896b890e1c5f403439723c63ca57991','2013-11-25 03:07:14',NULL,NULL),(73,'rolfson.lydia@example.net',79632722130,'046656f04ece3da2ddf6f653920515421cf580e2','1995-11-06 17:07:25',NULL,NULL),(74,'jakubowski.arnold@example.org',79089863562,'986a895916e87b6c95e719c3e2078ff403010ffd','1990-05-04 10:27:55',NULL,NULL),(75,'glover.alice@example.net',79703378566,'aaa0d34c41fd2a0a525fa348e83208fb3615f4de','2013-04-24 22:14:02',NULL,NULL),(76,'dooley.boyd@example.org',79711167108,'76d8487621f964091afdc509c0ccb70fa4d3a460','1975-11-26 23:51:51',NULL,NULL),(77,'fbradtke@example.org',79750637324,'3604b277d6198fcb834742058289df8d49a28b3b','1998-03-04 19:40:28',NULL,NULL),(78,'qschowalter@example.org',79345337052,'8ec5b26cdce7593b3298c8804ae063ac8aa6e922','2001-09-10 00:12:54',NULL,NULL),(79,'hyman37@example.net',79619272651,'60cd685cc5a3248a237618fc7b9d59150d7c9798','1986-11-24 02:24:50',NULL,NULL),(80,'jarret.emard@example.com',79132073687,'e8ec07e79f2e4739639e497fff99a1073fbf9e17','1974-02-06 13:45:21',NULL,NULL),(81,'saige62@example.com',79322958676,'add86c363d819bbbb78b06e1962d2569e14a76bf','1981-05-14 12:19:04',NULL,NULL),(82,'kamron57@example.com',79952742307,'b3adc3e2efefa3bbba213df10acaabe7622836e8','2020-05-11 14:44:06',NULL,NULL),(83,'gabe.marquardt@example.net',79921452900,'6da19171996b3f91f8765a3b50b86069e7293786','2002-03-14 09:15:21',NULL,NULL),(84,'marquardt.sammy@example.com',79785135071,'c2e2649f85d4f8f3ee78ed7e90da47283cd880e5','2008-08-28 09:24:02',NULL,NULL),(85,'christiansen.preston@example.com',79015348812,'700e7d55a0b54e991e8d1de72dd8b4714a22923d','2020-11-19 11:25:18',NULL,NULL),(86,'lschuppe@example.com',79226106453,'a5dfeaba2d1206fba4eb1dc10f8e9b75acf7b6e2','1995-10-11 17:53:57',NULL,NULL),(87,'marvin.chet@example.com',79248427866,'1e8ce577f9169249ba079146d6b6a514c3eed5ab','2007-05-25 10:22:42',NULL,NULL),(88,'ollie.effertz@example.com',79784273323,'1773bd3be864db99d2882b58d8607f5c62eb6bee','2010-01-21 19:46:06',NULL,NULL),(89,'block.edward@example.org',79939687075,'22584e27c8b41f23d6cbc2d96015f49b92593b0e','1995-03-29 19:08:16',NULL,NULL),(90,'hward@example.org',79254418792,'36be7102baa392ec68a87db58129d8c73d640165','2016-11-30 13:51:25',NULL,NULL),(91,'reynolds.oral@example.com',79035571045,'fcf93cb9abc39b50fa8044af8dea5ac63c0d4b5a','2005-08-28 05:15:22',NULL,NULL),(92,'scot03@example.net',79217650815,'c694bfb4604db3048ec9694d73f0166be2485ae8','1995-07-16 15:21:35',NULL,NULL),(93,'vinnie85@example.net',79217589487,'f6f2edd7fd710130134382371f43e410cea5510a','1999-07-03 10:27:40',NULL,NULL),(94,'kkunze@example.net',79696899793,'262f6f2d917dfeef98f61c38d8a928902d662173','2001-03-30 13:21:26',NULL,NULL),(95,'marshall22@example.com',79842301638,'21fc5b66bed35145065224eda069f6973dd63c11','2020-07-26 05:43:44',NULL,NULL),(96,'murazik.cassidy@example.org',79480901712,'7b5b679e33573448ce4109efbda0fac2cdb46be8','2016-08-08 21:45:47',NULL,NULL),(97,'abailey@example.net',79856770466,'73e5fd00c134a81dd7c0e942bd02fe3564a703ea','1985-05-25 08:18:09',NULL,NULL),(98,'vhayes@example.com',79940661024,'8ff4c04d4b76e75af15e0f60e833c4de8e4c8630','2010-02-23 13:21:07',NULL,NULL),(99,'etromp@example.com',79702622941,'c3fc36bb55d505930947605640ab86df594bc0b6','1992-06-24 09:35:09',NULL,NULL),(100,'ubartell@example.net',79476886579,'8e9cd09caf6ff70960faeb94e3baf04dff3d5499','2020-02-14 13:11:00',NULL,NULL);
/*!40000 ALTER TABLE `user` ENABLE KEYS */;
UNLOCK TABLES;

--
-- Table structure for table `user_community`
--

DROP TABLE IF EXISTS `user_community`;
/*!40101 SET @saved_cs_client     = @@character_set_client */;
/*!50503 SET character_set_client = utf8mb4 */;
CREATE TABLE `user_community` (
  `community_id` int unsigned NOT NULL,
  `user_id` int unsigned NOT NULL,
  `created_at` datetime NOT NULL DEFAULT CURRENT_TIMESTAMP,
  PRIMARY KEY (`community_id`,`user_id`),
  KEY `fk_community_has_profile_profile1_idx` (`user_id`),
  KEY `fk_community_has_profile_community1_idx` (`community_id`),
  CONSTRAINT `fk_community_has_profile_community1` FOREIGN KEY (`community_id`) REFERENCES `community` (`id`),
  CONSTRAINT `fk_community_has_profile_profile1` FOREIGN KEY (`user_id`) REFERENCES `profile` (`user_id`)
) ENGINE=InnoDB DEFAULT CHARSET=utf8mb4 COLLATE=utf8mb4_unicode_ci;
/*!40101 SET character_set_client = @saved_cs_client */;

--
-- Dumping data for table `user_community`
--

LOCK TABLES `user_community` WRITE;
/*!40000 ALTER TABLE `user_community` DISABLE KEYS */;
INSERT INTO `user_community` VALUES (1,21,'1977-10-20 15:53:32'),(1,28,'2017-12-13 02:44:36'),(1,35,'2013-02-03 03:39:49'),(1,40,'1985-05-07 06:25:52'),(1,44,'1986-05-14 08:02:18'),(1,49,'2009-10-06 10:29:20'),(1,55,'1984-12-19 18:12:25'),(1,84,'1983-12-28 16:28:57'),(1,87,'2010-05-22 10:07:29'),(1,89,'2005-08-02 16:22:14'),(2,1,'2009-11-20 00:28:14'),(2,9,'1988-12-22 16:12:20'),(2,30,'2012-09-16 15:32:34'),(2,34,'2013-07-22 00:19:19'),(2,66,'1970-06-01 06:55:05'),(3,38,'1983-09-27 09:28:54'),(3,44,'2002-06-12 14:21:00'),(3,49,'1972-03-06 01:57:07'),(3,57,'1985-05-20 06:09:42'),(3,83,'2005-09-14 03:09:39'),(3,87,'2005-03-19 09:53:53'),(3,88,'1972-05-08 00:56:21'),(4,14,'2014-08-06 17:35:26'),(4,18,'1981-04-10 17:11:30'),(4,33,'1990-07-28 03:33:45'),(4,34,'2000-06-22 20:32:25'),(4,45,'1985-10-08 11:38:15'),(4,65,'2016-03-09 17:54:57'),(4,73,'1999-08-22 14:44:13'),(4,83,'2009-07-04 15:38:39'),(4,92,'1976-07-30 08:56:37'),(5,5,'1988-10-19 17:33:50'),(5,15,'1970-03-01 10:00:54'),(5,26,'1990-06-10 06:27:47'),(5,32,'1991-06-11 17:26:11'),(5,61,'1992-11-05 20:30:31'),(5,91,'1993-04-28 22:45:37'),(6,1,'1982-05-27 23:16:46'),(6,3,'2015-07-31 01:04:39'),(6,4,'1998-08-18 13:39:41'),(6,11,'1982-08-16 13:54:07'),(6,21,'1998-04-25 12:18:31'),(6,37,'2018-12-11 15:36:07'),(6,48,'1972-07-19 20:30:32'),(6,54,'1986-05-24 23:59:04'),(6,56,'2015-07-31 11:49:53'),(6,62,'2007-01-20 09:34:59'),(6,71,'1994-04-07 19:14:35'),(7,3,'2020-07-29 13:02:42'),(7,7,'1976-08-28 04:41:31'),(7,12,'2000-03-08 12:33:07'),(7,30,'2003-03-20 21:26:01'),(7,44,'1975-06-19 02:32:30'),(7,55,'1991-03-18 04:43:47'),(7,69,'2008-03-24 15:01:33'),(7,71,'1998-05-06 02:44:08'),(7,74,'2008-09-05 13:50:24'),(7,95,'1995-06-17 01:54:23'),(7,100,'1987-02-25 18:14:38'),(8,3,'2016-09-25 03:56:45'),(8,6,'2004-01-02 06:19:12'),(8,9,'1977-10-05 17:03:18'),(8,19,'2006-07-28 17:54:44'),(8,24,'1973-12-20 16:33:46'),(8,29,'2011-04-12 16:59:08'),(8,35,'1973-10-16 19:25:19'),(8,46,'1991-12-18 17:04:59'),(8,51,'1998-02-02 20:31:44'),(8,52,'2000-08-30 21:56:13'),(8,53,'2016-12-20 01:17:05'),(8,54,'2004-07-03 18:03:10'),(8,56,'1981-11-17 14:46:08'),(8,63,'2017-01-05 14:16:42'),(8,76,'1972-04-26 18:27:27'),(8,77,'1980-09-23 05:59:09'),(8,84,'1977-04-28 10:06:46'),(8,94,'1977-12-08 15:24:28'),(8,98,'1990-03-25 04:23:46'),(8,99,'1979-09-01 06:55:15'),(9,3,'1986-05-27 14:48:40'),(9,21,'1984-07-27 14:09:21'),(9,24,'2009-08-28 01:32:33'),(9,27,'2005-10-14 12:02:14'),(9,45,'2016-10-22 17:52:32'),(9,47,'1982-11-18 15:15:40'),(9,64,'2003-03-08 02:25:47'),(9,71,'2006-06-16 12:01:34'),(9,72,'2006-01-20 05:32:47'),(9,79,'1979-08-10 00:08:45'),(9,97,'1980-05-08 05:32:15'),(9,98,'1980-10-27 00:49:12'),(10,24,'1997-07-11 05:40:46'),(10,51,'2003-06-04 04:27:21'),(10,54,'2016-04-14 09:58:53'),(10,71,'1979-02-08 14:16:24'),(10,96,'2019-12-21 00:25:16');
/*!40000 ALTER TABLE `user_community` ENABLE KEYS */;
UNLOCK TABLES;
/*!40103 SET TIME_ZONE=@OLD_TIME_ZONE */;

/*!40101 SET SQL_MODE=@OLD_SQL_MODE */;
/*!40014 SET FOREIGN_KEY_CHECKS=@OLD_FOREIGN_KEY_CHECKS */;
/*!40014 SET UNIQUE_CHECKS=@OLD_UNIQUE_CHECKS */;
/*!40101 SET CHARACTER_SET_CLIENT=@OLD_CHARACTER_SET_CLIENT */;
/*!40101 SET CHARACTER_SET_RESULTS=@OLD_CHARACTER_SET_RESULTS */;
/*!40101 SET COLLATION_CONNECTION=@OLD_COLLATION_CONNECTION */;
/*!40111 SET SQL_NOTES=@OLD_SQL_NOTES */;

-- Dump completed on 2021-07-26 22:56:50
